,Name,Initial Distribution,Unpaid Bonus Factor,praisemaggedon,Final Distribution
0,zeptimusq,0.053211957598914485,0.9645205809806011,0.02050535034778772,0.03751278611837364
1,santigs67,0.048188966394050244,1.0,0.02125962965657042,0.035262884760059926
2,ygganderson,0.03895884520464662,0.9587096689747876,0.020381812510577208,0.030041869511493298
3,cranders71,0.03244728797899623,1.0035995981573653,0.021336155780308484,0.02711394452362611
5,solsista,0.02736035285984159,1.0087542893519528,0.021445742606099397,0.02452133993804534
7,mzargham,0.022432259549543608,1.0443238357328197,0.02220193798920883,0.022321705200582916
4,sembrestels,0.029459747255492292,0.67750323217769,0.014403467807227137,0.02223273312032502
8,iviangita,0.020554275700347967,0.8179376130325152,0.01738905073525048,0.019034967717101177
9,naynaysoo,0.019464023031313782,0.813674882069208,0.017298426653644977,0.018424536770032755
19,lkngtn,0.012364853210507655,1.0267637891548904,0.02182861790220993,0.016907460262524744
22,xgabi,0.01151909775179779,0.9828408078449924,0.020894831586149035,0.016019449992286387
18,laurenluz,0.01239065749154801,0.8613368297937518,0.0183117020109796,0.015232758860875172
24,divine_comedian,0.01086937354026604,0.8207298010374,0.017448411618165852,0.014027311817657949
6,akrtws,0.025754137702800984,1.008665806640798,0.0002537157448215503,0.013513935162970857
27,vyvy-vi#5040,0.009610303740011435,0.8262710783082566,0.017566217120768637,0.013429142162774892
10,durgadasji,0.017334250894884155,1.0,0.007870586296745379,0.012791691887777542
26,vitormarthendal,0.009925158294828977,0.7202743642479779,0.015312766235033718,0.012511210106127253
15,jessicazartler,0.013469167129224035,0.5017739131089239,0.01066752756402387,0.012124380137927956
12,juankbell,0.013647770566829162,0.46712084487205086,0.009930816166844084,0.011863632454836324
32,jeffemmett,0.008676490340961579,0.667705358603883,0.014195168643626101,0.01132545592624055
25,markop,0.010143867452718468,0.5715567039851673,0.012151083854454705,0.011107331325551861
54,fabiosmendes,0.005244464615853082,0.7775728175271219,0.016530910131642623,0.010661958463432061
13,mateodaza,0.013532876619990102,0.9319827323619848,0.007335250522131553,0.010558016093017998
36,paulo_c2d,0.008079589263908202,0.6144572281205825,0.013063133109646392,0.010471690309862534
17,trentmc0,0.01242638678162497,1.0466462089275546,0.008237719309525712,0.010415826395017327
21,nuggan#5183,0.011621483830305394,1.0,0.007870586296745379,0.009821053014196586
23,danlessa,0.011388805741334005,1.026770961067905,0.008081289456077136,0.009801197924410709
14,griffgreen,0.013482308114672284,0.25529569729297397,0.005427491977364534,0.009615996368764564
16,freedumbs00,0.01276736637656858,0.6866677765268359,0.005404477992348732,0.009233179952143053
11,metaverde,0.01629105316832112,1.0,0.0013211341285134944,0.00910549202921346
28,shawn_westrick,0.009572187945916412,1.0,0.007870586296745379,0.008755419154314317
20,liviade,0.011923611849119616,0.248728683967255,0.005287879706109987,0.008738460420474995
40,vegayp,0.007131772084124838,0.458623304186462,0.009750161598876827,0.008388599051205793
34,wslyvh,0.00846438309450051,1.0086227576759343,0.007938452455149743,0.008211936387612142
33,mount manu#3530,0.008641537931436223,0.9826733842783498,0.007734215672477586,0.008206023247136077
35,ddan#2489,0.00844240608284668,1.0,0.007870586296745379,0.008167932585518055
38,sherminv,0.007623684900950123,1.0537470135848783,0.00829360680535751,0.007945247415065668
37,üêô octopus#5508,0.008001096164512856,1.0,0.007870586296745379,0.007938451427984466
39,randomshinichi,0.007153953688584016,1.054162881738632,0.008296879931549695,0.007702558285207542
41,merlinegalite,0.007002156697235747,0.9951006790344255,0.00783202576829037,0.007400493851341966
45,benjaminscholtz,0.006406276173943443,1.028791815993452,0.008097194769161856,0.007217917099648282
48,vntrp,0.006019723712765775,1.046668700462473,0.008237896331092233,0.007084446569562475
51,willjgriff,0.00540010478821634,1.0513367757655605,0.008274636820604888,0.006779880163762843
56,jonathanbsci,0.005091065470536929,1.0834267565387319,0.008527203783541035,0.0067404118607788995
76,suga#8514,0.0030660885963804427,0.4872011617901817,0.01035771626791011,0.006566069878714683
30,tam2140,0.008906864611202565,0.18815258179865968,0.004000054207967078,0.006551595617649531
55,manualzuru,0.005168040947314051,1.0,0.007870586296745379,0.006465262715041088
62,upaul,0.004444955016053359,1.0832360164467894,0.008525702547187151,0.006403713830997579
53,heater03,0.005252388847079787,0.9693579124959153,0.007629415102732057,0.006393361449792877
52,geleeroyale,0.005368760224000721,0.9520454958221237,0.007493156233295766,0.006388470308462343
58,annamarieswan#8824,0.004715571081188523,1.0,0.007870586296745379,0.006229978384655814
66,fvigevani,0.004304211904532093,1.0,0.007870586296745379,0.00601607161279447
63,fiorebotta,0.004443524208724643,0.9134289485909519,0.007189221365830486,0.005761458844135448
70,aminlatifi,0.0038253434540517993,0.9381612665226257,0.0073838792084302655,0.005533440616153463
68,atacas,0.004055287978573396,0.8964107874947385,0.007055278460310822,0.00549528340980736
50,chuygarcia92,0.005734104614924543,0.24266977648536925,0.0051590695769216715,0.005458087796683164
29,tonga2020,0.009269231803217379,1.0,0.0013211341285134944,0.005454144919359515
61,knobsdao,0.0044856402207807755,0.806249432748626,0.0063456557371500705,0.005378447668638037
81,jwaup,0.0026132186029031172,1.0,0.007870586296745379,0.005136755095947403
82,rodrigouy,0.002604798845854294,1.0,0.007870586296745379,0.005132376822282014
88,phil_h,0.002157189392833228,1.0,0.007870586296745379,0.00489961990671106
91,fabianvb,0.0020615179200118294,1.0,0.007870586296745379,0.004849870740843933
93,felixfalafel,0.0018664497026207383,1.0,0.007870586296745379,0.004748435267800565
57,fabimol,0.004809062394308601,0.5814701698413474,0.004576511150719516,0.00469743779738584
31,simondlr,0.00876173371100004,1.0548116132417948,0.0002537157448215503,0.004677885087234365
100,david (please dyor...)#4116,0.001622618106149523,1.0,0.007870586296745379,0.0046216428376355334
103,jameszaki,0.0014555406736913598,1.0,0.007870586296745379,0.004534762572757289
64,krisjones,0.0044172734689812265,0.5764260443094931,0.00453681092542944,0.004474651448076369
109,coachb,0.0013033349656104412,1.0,0.007870586296745379,0.004455615604555211
83,vivszaid,0.0025546658747685022,0.8264416152069924,0.006504580051708272,0.004450624679699591
111,freddbomba,0.0012361974322537908,1.0,0.007870586296745379,0.004420704087209753
120,papa_raw,0.001150878240372303,1.0,0.007870586296745379,0.004376338107431379
128,chriscyber,0.0010500975212534229,1.0,0.007870586296745379,0.004323932133489561
150,markusbkoch#6770,0.000811821193454915,1.0,0.007870586296745379,0.004200028443034337
160,officialnico,0.0006767449395519557,1.0,0.007870586296745379,0.004129788791004799
43,tannra,0.006664342829702037,1.0248929454423847,0.0013540210482966533,0.004115388374627453
112,gfriis,0.0012155769219955076,0.9177097596829694,0.007222913858950274,0.004099098651733795
44,sgonzt,0.006463800334764878,0.9825084946649678,0.0012980255038563075,0.003984228415928764
215,adriamb,0.0003356055689494179,1.0,0.007870586296745379,0.003952396318291479
46,sponnet2,0.006280050552921044,1.0,0.0013211341285134944,0.00389977066920542
47,blairv,0.006240547577305982,1.0,0.0013211341285134944,0.0038792291218855877
49,danibelle,0.0058211123250104906,0.9870083861769148,0.001303970464107349,0.0036528842317769825
42,kristoferkristofer,0.006747831348079711,0.9429902988988137,0.0002537157448215503,0.003630655858515794
59,rdfbbx#6437,0.004685079793646269,1.0,0.0013211341285134944,0.0030703858743825374
60,owocki,0.004634009870918022,1.0,0.0013211341285134944,0.003043829514563849
65,ethicraul,0.004389297370393796,1.0943836318587192,0.0014458275657351018,0.002976431864157623
67,niranb,0.004237199798766026,1.0,0.0013211341285134944,0.0028374882770448107
69,nathalia#0926,0.003911649321124066,1.0895715116415703,0.0014394701094857167,0.0027250032995376587
71,loie_giveth,0.003761751262623462,1.0,0.0013211341285134944,0.0025902550382506774
72,letty#5399,0.00363613136306472,1.0,0.0013211341285134944,0.002524932690480132
73,hbesso31,0.003497568045442397,1.0,0.0013211341285134944,0.0024528797653165235
74,pavl#1561,0.0034140107910927728,1.0,0.0013211341285134944,0.0024094299930547194
75,rosamoc,0.0031988416345718703,1.0,0.0013211341285134944,0.00229754203166385
77,tylerdmace,0.0030468429241369377,1.0,0.0013211341285134944,0.002218502702237685
78,rubenrussel7,0.0029782769216417765,0.9360018757905882,0.001236584022459595,0.0021422643300343294
79,maghaali#6154,0.0026979018496744206,1.0,0.0013211341285134944,0.002037053343517176
80,t wells#9070,0.002617222801290109,1.0,0.0013211341285134944,0.001995100238357334
84,elihanover,0.0024465609743996967,1.0,0.0013211341285134944,0.0019063560883743197
85,quartagiulio,0.002419416447694498,1.0,0.0013211341285134944,0.0018922409344876163
86,daithic,0.0023639950181459117,1.0,0.0013211341285134944,0.0018634217911223513
87,lescanore,0.0023312780300562114,0.9085888516673664,0.0012003677407246428,0.0017884410911770585
90,krrisis,0.0020837564516911723,1.0,0.0013211341285134944,0.0017176977365658869
92,misterboyfriend,0.001920040264914251,1.0,0.0013211341285134944,0.0016325653194418878
94,mehigher,0.0018398663252893706,1.0,0.0013211341285134944,0.00159087487083695
95,burrrata,0.0018237513618530592,1.0,0.0013211341285134944,0.001582495089850068
98,anjablaj,0.001711718047740045,1.0,0.0013211341285134944,0.0015242377665113007
96,acidlazzer#5796,0.0017868228468032286,0.857805820475495,0.0011332765450676962,0.001473120621970173
99,anthonyoliai,0.0017029949087685045,0.9046836090577307,0.001195208391432928,0.0014592573804474277
101,kz flyer#0926,0.0015748723916116838,1.0,0.0013211341285134944,0.0014530780253245528
104,baartch#5796,0.0013867302834320858,1.0,0.0013211341285134944,0.001355244129071162
105,ludo_lb,0.0013832081420546323,1.0,0.0013211341285134944,0.0013534126155548862
106,pehkah,0.0013504685021176396,1.0,0.0013211341285134944,0.0013363880027876499
107,decentralizesdgs,0.0013351796537530785,1.0,0.0013211341285134944,0.001328437801638078
108,sjdthree#8498,0.0013080836369383116,1.0,0.0013211341285134944,0.0013143478728943993
110,pacobacpac,0.0012659704242003824,1.0,0.0013211341285134944,0.001292449002270676
113,tjayrush,0.0012006550788173692,1.0,0.0013211341285134944,0.0012584850226715094
115,danielo#2815,0.0011877274716315972,1.0,0.0013211341285134944,0.001251762666934908
116,moritzfelipe#9923,0.0011850227427943056,1.0,0.0013211341285134944,0.001250356207939516
117,zer8üß†#9093,0.0011705749833738606,1.0,0.0013211341285134944,0.0012428433730408846
118,dulcedu,0.0011568609475743968,1.0,0.0013211341285134944,0.0012357120744251634
119,sbilbao,0.0011528802287400785,1.0,0.0013211341285134944,0.001233642100631318
89,gracerachmany,0.0021353102100655236,1.0,0.0002537157448215503,0.0012321448667484166
121,marinam00,0.001126135705385871,1.0,0.0013211341285134944,0.00121973494848713
122,jamessimbouras,0.001117586951073253,1.0,0.0013211341285134944,0.001215289596244569
123,paxthemax,0.0010990486786295614,1.0,0.0013211341285134944,0.0012056496945738492
124,lydia#2825,0.0010818536061699244,1.0,0.0013211341285134944,0.001196708256894838
125,cpt_grog,0.0010814964016972297,1.0,0.0013211341285134944,0.0011965225105690367
126,renzod5,0.0010812862668308438,1.0,0.0013211341285134944,0.001196413240438516
127,nikoline_nik,0.0010803919040403185,1.0,0.0013211341285134944,0.0011959481717874428
132,joez#9988,0.001038541503261304,1.0104783370652273,0.0013349774172204342,0.0011808307419616864
129,existenialstoic,0.001044747406489713,1.0,0.0013211341285134944,0.001177413033061128
130,jonassft,0.0010429063076181088,1.0,0.0013211341285134944,0.0011764556616478939
131,simunstrukan,0.0010390003488699123,1.0,0.0013211341285134944,0.0011744245630988318
133,luukweber,0.001033726430276662,1.0,0.0013211341285134944,0.0011716821254303415
137,mercedesrodsim,0.0009822612883035318,1.0,0.0013211341285134944,0.0011449202516043138
139,d8n13l,0.0009659396015730184,1.0,0.0013211341285134944,0.001136432974504447
142,rogervs,0.0008948803815159015,1.0,0.0013211341285134944,0.001099482180074746
144,lbagic,0.0008654245952569152,1.0,0.0013211341285134944,0.001084165171220073
145,andfletcher,0.0008579206973133957,1.0,0.0013211341285134944,0.001080263144289443
146,juliet_myea,0.0008553034673200588,1.0,0.0013211341285134944,0.0010789021846929077
148,auryn_macmillan,0.0008199900821474859,1.0,0.0013211341285134944,0.00106053922440317
149,crypt0dawg,0.0008138274443504072,1.0,0.0013211341285134944,0.001057334652748689
147,bradleyc#1813,0.0008219897090749063,0.9825814995581661,0.0012981219531122603,0.0010505331862128361
134,katalenacaban,0.0009981136536823193,0.818699251131452,0.0010816115216582013,0.0010381926303107427
151,petheth,0.0007759157470575093,1.0,0.0013211341285134944,0.0010376205701563821
97,aidanbrodieo,0.0017264523443486764,1.0,0.0002537157448215503,0.001019538776575656
155,antoniopaglino,0.0007140280225073372,1.0,0.0013211341285134944,0.0010054389533902925
156,a mensch#5604,0.000708794430448807,1.0,0.0013211341285134944,0.001002717485519857
158,katebee,0.000687174474311704,1.0,0.0013211341285134944,0.0009914751083285633
153,ekeneodigwe#1502,0.0007283281905105804,0.9644022326148785,0.0012741047031221257,0.000990300916564122
162,magentaceiba,0.0006728759826443608,1.0,0.0013211341285134944,0.0009840398926615449
163,thebeautyway,0.0006674509949537952,1.0,0.0013211341285134944,0.0009812188990624509
164,bk#7471,0.0006326047360861752,1.0,0.0013211341285134944,0.0009630988444512883
165,krisparuch,0.000629067673381697,1.0,0.0013211341285134944,0.0009612595718449597
166,positonic,0.0006181302977372523,1.0,0.0013211341285134944,0.0009555721365098485
169,morgangr,0.0006030995913062391,1.0,0.0013211341285134944,0.0009477561691657216
170,paulaberman#9915,0.0006000576927290273,1.0,0.0013211341285134944,0.0009461743819055714
171,josiprajevic,0.0005996712268560628,1.0,0.0013211341285134944,0.0009459734196516299
172,castall,0.0005986765495832501,1.0,0.0013211341285134944,0.0009454561874697673
173,rpp63,0.0005789139334783579,1.0,0.0013211341285134944,0.0009351796270952234
167,freshelle,0.0006151292827683832,0.9662914983510025,0.0012766006765639504,0.0009326355517902554
174,brutalfluffy,0.000570815532036625,1.0,0.0013211341285134944,0.0009309684583455222
176,jakublanc,0.0005485630123688261,1.0,0.0013211341285134944,0.0009193971481182667
177,typto,0.0005466481899803407,1.0,0.0013211341285134944,0.0009184014404762543
178,julio holon#2942,0.0005234573789188742,1.0,0.0013211341285134944,0.0009063422187242918
179,glefevre,0.0005200626129521694,1.0,0.0013211341285134944,0.0009045769404216054
180,stephen_yo,0.0005171453623104713,1.0,0.0013211341285134944,0.0009030599700879223
102,abchewey,0.0014770238978593737,1.0,0.0002537157448215503,0.0008898359844012185
181,pkk777,0.0004896171363452977,1.0,0.0013211341285134944,0.000888745292586032
182,witwiki3,0.0004877953888070244,1.0,0.0013211341285134944,0.0008877979838661299
184,davidkish,0.0004844527358066802,1.0,0.0013211341285134944,0.000886059804305951
185,davidhq,0.00047984884278271965,1.0,0.0013211341285134944,0.0008836657799334915
186,adriazero,0.00047796222825265366,1.0,0.0013211341285134944,0.0008826847403778572
187,xlcrr,0.00047743435255768253,1.0,0.0013211341285134944,0.0008824102450164721
192,nukemandan,0.000445208837246246,1.0,0.0013211341285134944,0.0008656529770545251
195,penguin#5853,0.0004276603911638241,1.0,0.0013211341285134944,0.0008565277850916658
197,orishim,0.00042727835281714915,1.0,0.0013211341285134944,0.0008563291251513947
199,tokenbrice,0.00041391903372420356,1.0,0.0013211341285134944,0.0008493822792230632
202,yalormewn,0.00039893559322303325,1.0,0.0013211341285134944,0.0008415908901624545
203,maxsong123,0.0003926901890727728,1.0,0.0013211341285134944,0.0008383432800043191
204,ryanchrypto,0.000368475925498885,1.0,0.0013211341285134944,0.0008257518629458975
206,johnpaller#2670,0.0003631120214580112,1.0,0.0013211341285134944,0.0008229626328446431
207,exiledsurfer,0.000359859129463831,1.0,0.0013211341285134944,0.0008212711290076694
211,comandoburrito,0.00034333370917605574,1.0,0.0013211341285134944,0.0008126779104580262
212,paul2#3057,0.0003400212268118938,1.0,0.0013211341285134944,0.000810955419628662
213,mettodo#7010,0.00033789150397353467,1.0,0.0013211341285134944,0.0008098479637527153
217,hxrts,0.00031509781270180914,1.0,0.0013211341285134944,0.000797995244291418
220,michel bauwens#1511,0.00030199497269159896,1.0,0.0013211341285134944,0.0007911817674861087
224,eugene#1706,0.0002962168104770433,1.0,0.0013211341285134944,0.0007881771231345398
229,gcrewe,0.00027808791259027814,1.0,0.0013211341285134944,0.0007787500962334219
230,aleezagroks,0.0002777953371053286,1.0,0.0013211341285134944,0.0007785979569812482
243,willyogo,0.0002575399707038653,1.0,0.0013211341285134944,0.0007680651664524873
244,ferranrego,0.0002551795206502203,1.0,0.0013211341285134944,0.0007668377324245918
254,hanners717,0.00023755064322729974,1.0,0.0013211341285134944,0.0007576707161646731
257,seedsalchemist,0.00023390100220578952,1.0,0.0013211341285134944,0.0007557729028334878
258,cemfd,0.0002259834622950948,1.0,0.0013211341285134944,0.0007516557820799266
260,edendh,0.0002234205382998785,1.0,0.0013211341285134944,0.000750323061602414
261,blackboxdotart,0.0002226681895252884,1.0,0.0013211341285134944,0.0007499318402396272
262,oedth,0.0002224272870363385,1.0,0.0013211341285134944,0.0007498065709453732
263,barnabemonnot,0.00022090228280511568,1.0,0.0013211341285134944,0.0007490135687451374
114,gyalbo,0.0011999072687047913,1.0,0.0002537157448215503,0.0007457353372408356
268,deam123,0.00020307927010734545,1.0,0.0013211341285134944,0.0007397456021422968
284,meta_dreamer,0.000177109680492085,1.0,0.0013211341285134944,0.0007262414155423615
287,activeinferencelab#3629,0.0001706277357362374,1.0,0.0013211341285134944,0.0007228708042693207
290,ubipromoter,0.00015956370721824232,1.0,0.0013211341285134944,0.0007171175094399633
291,üêômusashi13#5579,0.00015933370006013847,1.0,0.0013211341285134944,0.0007169979057177492
295,jukren#8803,0.0001530584724759534,1.0,0.0013211341285134944,0.000713734787373973
299,ontologymachine,0.00014464063348710237,1.0,0.0013211341285134944,0.0007093575110997704
317,xibot0x,0.00012214749304468542,1.0,0.0013211341285134944,0.0006976610780697137
323,okduncan,0.0001171126335133983,1.0,0.0013211341285134944,0.0006950429511134444
330,elementarycomplexity,0.00011357498072008292,1.0,0.0013211341285134944,0.0006932033716609203
338,harithk17,0.0001011760412069317,1.0,0.0013211341285134944,0.0006867559231140818
349,vasileios_panagiotidis,8.812472159422902e-05,1.0,0.0013211341285134944,0.0006799692369154764
364,atitcomb,7.213049455774701e-05,1.0,0.0013211341285134944,0.0006716522388565057
389,lefterisjp,6.0580712302675596e-05,1.0,0.0013211341285134944,0.0006656463520838686
420,peter (porobov.eth) ü§ñ#3488,4.5856451118048925e-05,1.0,0.0013211341285134944,0.0006579897362678626
429,sethfork,4.4109829259024534e-05,1.0,0.0013211341285134944,0.00065708149290117
439,cleanapp,2.6979845969624783e-05,1.0,0.0013211341285134944,0.0006481739015906821
443,kelsiemvn,2.0971451822253635e-05,1.0,0.0013211341285134944,0.0006450495366340491
135,sergei_tran,0.000997358357021061,1.0,0.0002537157448215503,0.0006404099031652959
445,scupytrooples,9.53931809893276e-06,1.0,0.0013211341285134944,0.0006391048270979223
136,josevicente1,0.0009913456602239621,1.0,0.0002537157448215503,0.0006372833008308045
138,unquale,0.0009667503475198316,1.0,0.0002537157448215503,0.0006244937382246566
140,sepu85,0.0009554149029369745,1.0,0.0002537157448215503,0.0006185993070415708
141,pprhsk,0.0009545220932565481,1.0,0.0002537157448215503,0.0006181350460077492
143,rogervs,0.0008948803815159015,1.0,0.0002537157448215503,0.000587121355902613
152,aaron_soskin,0.0007470201214209246,1.0,0.0002537157448215503,0.0005102340206532249
154,nelsonm,0.0007231590178784327,1.0,0.0002537157448215503,0.0004978262468111292
157,johann#1308,0.0006999134133406758,1.0,0.0002537157448215503,0.0004857385324514956
159,michal#7390,0.0006794295616585047,1.0,0.0002537157448215503,0.0004750869295767666
161,boring877,0.0006729016523612762,1.0,0.0002537157448215503,0.00047169241674220776
168,fahern#7639,0.0006113032633099857,1.0,0.0002537157448215503,0.0004396612544355367
175,whyldwanderer#7002,0.000559985910612844,1.0,0.0002537157448215503,0.000412976231033023
183,solarpunk_girl,0.00048466498821933513,1.0,0.0002537157448215503,0.0003738093513883984
188,nic#9212,0.00047406927842904667,1.0,0.0002537157448215503,0.0003682995822974484
189,bends#3537,0.00046138147113255486,1.0,0.0002537157448215503,0.0003617019225032727
190,xqtstrategy,0.0004584570437116903,1.0,0.0002537157448215503,0.0003601812202444231
191,revathi#5324,0.0004513978838050456,1.0,0.0002537157448215503,0.0003565104570929679
193,willruddick,0.000441582130173862,1.0,0.0002537157448215503,0.0003514062652047524
194,lin#3884,0.0004291494412062576,1.0,0.0002537157448215503,0.0003449412669415981
196,celineflash,0.00042746659704619275,1.0,0.0002537157448215503,0.0003440661879783644
198,melvera,0.00042240433449921964,1.0,0.0002537157448215503,0.00034143381145393837
200,kaikai520#0224,0.00040848979714600995,1.0,0.0002537157448215503,0.00033419825203026934
201,rafaelcalcada#1402,0.000400016180191967,1.0,0.0002537157448215503,0.000329791971214167
205,cj_33logic#3171,0.00036786455052846627,1.0,0.0002537157448215503,0.0003130731237891466
208,tunoncedemalis,0.00035238809700401666,1.0,0.0002537157448215503,0.0003050253679564328
209,innov8tor3#3988,0.0003486237384190643,1.0,0.0002537157448215503,0.0003030679014922576
210,adnfx2#9648,0.00034375338998249793,1.0,0.0002537157448215503,0.0003005353203052431
214,acryptomuppet,0.0003356453383330153,1.0,0.0002537157448215503,0.0002963191334475121
216,chanate91,0.0003303939287536281,1.0,0.0002537157448215503,0.00029358840046623077
218,ermini0#7687,0.00030737656924501695,1.0,0.0002537157448215503,0.00028161937352175296
219,bierlingm,0.00030380350313892923,1.0,0.0002537157448215503,0.00027976137914658734
221,gagarine#9410,0.0003010290845309855,1.0,0.0002537157448215503,0.0002783186814704566
222,taxil#8577,0.000300132212041641,1.0,0.0002537157448215503,0.0002778523077759975
223,thelastjosh,0.00029885977738023246,1.0,0.0002537157448215503,0.00027719064175206503
225,reos#2250,0.00028981932701039877,1.0,0.0002537157448215503,0.00027248960755975153
226,lanski13,0.00028789404383639287,1.0,0.0002537157448215503,0.00027148846030926847
227,airnova#1324,0.0002850241285649894,1.0,0.0002537157448215503,0.00026999610436813864
228,adaptdao,0.0002814409509681525,1.0,0.0002537157448215503,0.00026813285201778345
231,tze42,0.0002749507650412173,1.0,0.0002537157448215503,0.0002647579553357772
232,the blockchain socialist#5005,0.00027473395412642103,1.0,0.0002537157448215503,0.0002646452136600831
233,kei#9866,0.00027276349862118555,1.0,0.0002537157448215503,0.00026362057679736063
234,rodbot2#3621,0.00027173074860580796,1.0,0.0002537157448215503,0.0002630835467893643
235,codersinblack,0.00027115422289949385,1.0,0.0002537157448215503,0.00026278375342208096
236,andythegreenie#7463,0.0002698258780570336,1.0,0.0002537157448215503,0.00026209301410400163
237,smokyish,0.00026816683089170697,1.0,0.0002537157448215503,0.00026123030957803177
238,alexholman,0.00026735301817245227,1.0,0.0002537157448215503,0.0002608071269640193
239,dysbulic üêô#3391,0.0002650805757535701,1.0,0.0002537157448215503,0.00025962545690620063
240,monstros1ty,0.00026328570585506655,1.0,0.0002537157448215503,0.0002586921245589788
241,kentphilly,0.0002619741174740639,1.0,0.0002537157448215503,0.0002580100986008574
242,leons#5914,0.0002591113589866969,1.0,0.0002537157448215503,0.0002565214641874265
245,atotsm#5719,0.0002517463475262759,1.0,0.0002537157448215503,0.0002526916582280076
246,staccop2p,0.0002483867125380076,1.0,0.0002537157448215503,0.0002509446480341081
249,tawhuac,0.000247975459291365,1.0,0.0002537157448215503,0.00025073079634585396
248,jodisattva,0.000247975459291365,1.0,0.0002537157448215503,0.00025073079634585396
247,nyanncatt,0.000247975459291365,1.0,0.0002537157448215503,0.00025073079634585396
250,jelena_dragovic,0.00024163142086974275,1.0,0.0002537157448215503,0.0002474318963666104
251,matslats,0.00024152346561277197,1.0,0.0002537157448215503,0.00024737575963298557
252,pineapple#7041,0.00024096079467154745,1.0,0.0002537157448215503,0.00024708317074354885
253,independentcurrencies,0.000238159048610909,1.0,0.0002537157448215503,0.0002456262627920168
255,barlin#4926,0.0002359844580183008,1.0,0.0002537157448215503,0.0002444954756838606
256,mateo#5403,0.00023593650403898377,1.0,0.0002537157448215503,0.00024447053961461574
259,christian_regennetwork#5044,0.00022592909073154788,1.0,0.0002537157448215503,0.00023926668469474905
264,tyrannosaurus#3104,0.0002170789115389379,1.0,0.0002537157448215503,0.00023466459151459185
265,ivanthinking,0.00021113799834360643,1.0,0.0002537157448215503,0.00023157531665301948
266,tech_digger,0.00021030508663266205,1.0,0.0002537157448215503,0.0002311422025633284
267,blockenthusiast,0.00020777361505446267,1.0,0.0002537157448215503,0.00022982583734266473
269,mikegilliland#3316,0.00020219483334886344,1.0,0.0002537157448215503,0.00022692487085575314
270,rex#1134,0.00019846663603404692,1.0,0.0002537157448215503,0.00022498620825204854
271,terry#6288,0.00019689906992106877,1.0,0.0002537157448215503,0.0002241710738732999
272,mike elias#4724,0.0001920213380889924,1.0,0.0002537157448215503,0.00022163465332062022
273,matiasbd,0.00018710715668490555,1.0,0.0002537157448215503,0.00021907927899049505
274,cryptodude#5999,0.00018704002125336254,1.0,0.0002537157448215503,0.00021904436856609268
275,pronoiaüêô#2154,0.00018665651109461723,1.0,0.0002537157448215503,0.00021884494328354513
276,bagholder mcfomo iii üêô#9024,0.00018505545833139467,1.0,0.0002537157448215503,0.00021801239584666937
277,jantinine,0.00018463577938496458,1.0,0.0002537157448215503,0.00021779416279452574
278,harsh24#4473,0.00018429619837186516,1.0,0.0002537157448215503,0.00021761758066771403
279,wertuals,0.00018277239733596604,1.0,0.0002537157448215503,0.00021682520412904648
281,kalesalad#3511,0.0001818574056163027,1.0,0.0002537157448215503,0.00021634940843482157
280,"tommy,üêô#3630",0.0001818574056163027,1.0,0.0002537157448215503,0.00021634940843482157
282,jantanner#2104,0.00017957630553862479,1.0,0.0002537157448215503,0.00021516323639442903
283,johnkellden,0.00017744988088921193,1.0,0.0002537157448215503,0.00021405749557673435
285,flakoubay,0.0001740428627903386,1.0,0.0002537157448215503,0.0002122858461653202
286,futuremike#3316,0.0001739610709284933,1.0,0.0002537157448215503,0.00021224331439716066
288,michaelr10,0.00017039134176160373,1.0,0.0002537157448215503,0.00021038705523037808
289,hanna_nevermind,0.0001612030425953946,1.0,0.0002537157448215503,0.00020560913966394934
292,andeh#4874,0.00015889660628546978,1.0,0.0002537157448215503,0.00020440979278278843
293,liam ¬¨ ltf#1024,0.00015872621778503167,1.0,0.0002537157448215503,0.00020432119076256063
294,curlybracketeffect#5572,0.0001575990224780308,1.0,0.0002537157448215503,0.00020373504920292017
296,joaonit#7081,0.0001493402824137083,1.0,0.0002537157448215503,0.00019944050436947246
297,eskalexia,0.00014715096370283165,1.0,0.0002537157448215503,0.0001983020586398166
298,guy james#3266,0.00014620383399669353,1.0,0.0002537157448215503,0.0001978095511926248
300,notsure1#0821,0.0001388202945682959,1.0,0.0002537157448215503,0.000193970110689858
301,will | regen foundation#6405,0.0001379493746727062,1.0,0.0002537157448215503,0.0001935172323441514
302,arcorren,0.00013577044653189345,1.0,0.0002537157448215503,0.00019238418971092875
303,decap#9400,0.00013454869658005827,1.0,0.0002537157448215503,0.00019174887973597444
304,shaila#4348,0.00013449557540964196,1.0,0.0002537157448215503,0.00019172125672735796
305,gruad#1079,0.00013357895424188327,1.0,0.0002537157448215503,0.00019124461372012347
306,mikaelseppala#6132,0.0001329758461727194,1.0,0.0002537157448215503,0.00019093099752415824
307,victorid,0.000132856630247527,1.0,0.0002537157448215503,0.0001908690052430582
308,hazardj#9101,0.00013073696100704069,1.0,0.0002537157448215503,0.0001897667772380053
309,kike bell#8265,0.00012948739527183554,1.0,0.0002537157448215503,0.00018911700305569864
310,zeroknowledge#8287,0.00012801422539266162,1.0,0.0002537157448215503,0.0001883509547185282
313,emalinus,0.00012801422539266162,1.0,0.0002537157448215503,0.0001883509547185282
312,ollitiainen,0.00012801422539266162,1.0,0.0002537157448215503,0.0001883509547185282
311,rokkranjc,0.00012801422539266162,1.0,0.0002537157448215503,0.0001883509547185282
314,mayu ‚ò™dev protocolüåü#8814,0.00012574641541140152,1.0,0.0002537157448215503,0.00018717169352827292
315,si chen#0557,0.00012246555588786462,1.0,0.0002537157448215503,0.00018546564657603376
316,northquotient#9402,0.00012222216462523164,1.0,0.0002537157448215503,0.00018533908311946462
318,proofoftom,0.00012202466443350183,1.0,0.0002537157448215503,0.0001852363830197651
319,parsley_3d#3854,0.00012094489083235696,1.0,0.0002537157448215503,0.0001846749007471698
320,hypereum,0.00011814053122222416,1.0,0.0002537157448215503,0.00018321663374990072
321,wipabramson,0.0001181311639688143,1.0,0.0002537157448215503,0.00018321176277812757
322,jasselnorm,0.0001181311639688143,1.0,0.0002537157448215503,0.00018321176277812757
324,joeechidna,0.00011688683827518212,1.0,0.0002537157448215503,0.00018256471341743886
325,mazed#4761,0.00011648325742342865,1.0,0.0002537157448215503,0.00018235485137452705
326,michiel üêô#0195,0.00011648325742342865,1.0,0.0002537157448215503,0.00018235485137452705
327,shrutiappiah1,0.00011511657866170505,1.0,0.0002537157448215503,0.00018164417841843078
328,willszal#6405,0.00011478999595562609,1.0,0.0002537157448215503,0.00018147435541126971
329,sweptbackcat#9656,0.00011359582014058965,1.0,0.0002537157448215503,0.00018085338398745077
331,meedabyte,0.00010894585151702606,1.0,0.0002537157448215503,0.00017843540030319772
332,kyle_stargarden,0.00010856785373662455,1.0,0.0002537157448215503,0.0001782388414573889
333,christel#2333,0.00010822304043200254,1.0,0.0002537157448215503,0.00017805953853898548
334,hernandoagf#3014,0.00010822304043200254,1.0,0.0002537157448215503,0.00017805953853898548
335,zoushhoang#2376,0.00010728911216170574,1.0,0.0002537157448215503,0.00017757389583843115
336,cyotee,0.00010542591642391865,1.0,0.0002537157448215503,0.00017660503405478184
337,ajmaq,0.00010181990849612926,1.0,0.0002537157448215503,0.00017472990993233137
339,francescovaub,0.00010104877181687225,1.0,0.0002537157448215503,0.00017432891885911772
340,lalogarza,0.00010000735437763541,1.0,0.0002537157448215503,0.00017378738179071456
341,cannabiscommunitycare,9.822453185496897e-05,1.0,0.0002537157448215503,0.000172860314078928
342,aggre üóæüóº dev protocol#3446,9.696550803576336e-05,1.0,0.0002537157448215503,0.0001722056216929411
343,thales#8858,9.596608238457488e-05,1.0,0.0002537157448215503,0.0001716859203543231
346,enti#1546,9.515397320389735e-05,1.0,0.0002537157448215503,0.00017126362358037077
345,rod266#3161,9.515397320389735e-05,1.0,0.0002537157448215503,0.00017126362358037077
344,dw#5584,9.515397320389735e-05,1.0,0.0002537157448215503,0.00017126362358037077
347,deeptroop#4783,9.426189985575897e-05,1.0,0.0002537157448215503,0.0001707997454393388
348,macerer,8.829384048141159e-05,1.0,0.0002537157448215503,0.00016769635456467818
350,badjuju#1050,8.797971605884168e-05,1.0,0.0002537157448215503,0.00016753300986494183
351,eeeit,8.605822715450775e-05,1.0,0.0002537157448215503,0.0001665338356346882
352,leanne#9678,8.518242588967734e-05,1.0,0.0002537157448215503,0.00016607841897697638
353,miles#9305,8.499529790039197e-05,1.0,0.0002537157448215503,0.000165981112422548
354,nirv#4850,8.334300645399384e-05,1.0,0.0002537157448215503,0.00016512192087042094
355,sinsan#3757,8.228881398668834e-05,1.0,0.0002537157448215503,0.00016457374078742207
356,marc#9662,8.206418838607763e-05,1.0,0.0002537157448215503,0.00016445693547510452
357,üêô misanth üêô#7407,8.206418838607763e-05,1.0,0.0002537157448215503,0.00016445693547510452
358,revxzx,8.153868939906086e-05,1.0,0.0002537157448215503,0.0001641836760018558
360,caseyr#2795,8.0309266199831e-05,1.0,0.0002537157448215503,0.00016354437593825628
359,dunks411 | adept camp#2178,8.0309266199831e-05,1.0,0.0002537157448215503,0.00016354437593825628
361,keepitsane#8407,7.68324179536425e-05,1.0,0.0002537157448215503,0.00016173641485023825
362,viken33,7.647573516784011e-05,1.0,0.0002537157448215503,0.00016155093980162102
363,jakubgregus,7.238598431554952e-05,1.0,0.0002537157448215503,0.0001594242693584299
365,graven#6675,7.045241061038511e-05,1.0,0.0002537157448215503,0.0001584188110317444
366,igorline,7.033666845153062e-05,1.0,0.0002537157448215503,0.00015835862510914006
367,edapt,7.006053242772736e-05,1.0,0.0002537157448215503,0.00015821503437676238
368,nestor#8357,6.781294094843651e-05,1.0,0.0002537157448215503,0.00015704628680753113
371,davidking üêù#0780,6.727609405863086e-05,1.0,0.0002537157448215503,0.0001567671264248322
369,wright#9119,6.727609405863086e-05,1.0,0.0002537157448215503,0.0001567671264248322
370,tomerba,6.727609405863086e-05,1.0,0.0002537157448215503,0.0001567671264248322
372,dahlberry,6.727609405863086e-05,1.0,0.0002537157448215503,0.0001567671264248322
373,arrow#5491,6.658613299596208e-05,1.0,0.0002537157448215503,0.00015640834667224443
374,cryptainist,6.507758600450122e-05,1.0,0.0002537157448215503,0.00015562390223668477
375,santosthegreat,6.435429712112084e-05,1.0,0.0002537157448215503,0.00015524779201732698
376,rad casale#6107,6.430715266556765e-05,1.0,0.0002537157448215503,0.00015522327690043933
377,tyler golato#5399,6.400711270408086e-05,1.0,0.0002537157448215503,0.0001550672561204662
378,wunluv,6.370990033298026e-05,1.0,0.0002537157448215503,0.0001549127056874939
379,stan#3519,6.332128109301352e-05,1.0,0.0002537157448215503,0.00015471062368271118
380,blockchainberlin,6.24681001947703e-05,1.0,0.0002537157448215503,0.0001542669696156247
382,darren432,6.244504933613387e-05,1.0,0.0002537157448215503,0.00015425498316913377
381,stefdelev#6019,6.244504933613387e-05,1.0,0.0002537157448215503,0.00015425498316913377
383,monsterplayaus,6.175193619621894e-05,1.0,0.0002537157448215503,0.000153894564336378
384,d8n1#8408,6.133821127250443e-05,1.0,0.0002537157448215503,0.00015367942737604646
386,steffclearteam#6495,6.111807539233779e-05,1.0,0.0002537157448215503,0.0001535649567183598
385,ejlsh-dt#8607,6.111807539233779e-05,1.0,0.0002537157448215503,0.0001535649567183598
387,johnnypedala#5454,6.111807539233779e-05,1.0,0.0002537157448215503,0.0001535649567183598
388,cryptononymouseconomist,6.0990821479128994e-05,1.0,0.0002537157448215503,0.0001534987846834912
390,w a l y d#4325,6.005046077550579e-05,1.0,0.0002537157448215503,0.00015300979711760718
391,vanjeer#1629,6.005046077550579e-05,1.0,0.0002537157448215503,0.00015300979711760718
392,charingane,5.812537795580272e-05,1.0,0.0002537157448215503,0.00015200875405136155
393,patogit#7853,5.8015451946267295e-05,1.0,0.0002537157448215503,0.00015195159252640316
394,efra#7972,5.8015451946267295e-05,1.0,0.0002537157448215503,0.00015195159252640316
395,quentin_hb,5.770930310055795e-05,1.0,0.0002537157448215503,0.00015179239512663428
396,supernova_labs,5.7235908609096656e-05,1.0,0.0002537157448215503,0.0001515462299910744
397,fenjamin,5.707471824821872e-05,1.0,0.0002537157448215503,0.00015146241100341787
400,itiszacs#2501,5.243138708556472e-05,1.0,0.0002537157448215503,0.00014904787879883782
402,emmy#1303,5.243138708556472e-05,1.0,0.0002537157448215503,0.00014904787879883782
404,ezra#7391,5.243138708556472e-05,1.0,0.0002537157448215503,0.00014904787879883782
401,tamedimpala#7142,5.243138708556472e-05,1.0,0.0002537157448215503,0.00014904787879883782
403,0xjoshua#0888,5.243138708556472e-05,1.0,0.0002537157448215503,0.00014904787879883782
399,alex.v | gnosis#4495,5.243138708556472e-05,1.0,0.0002537157448215503,0.00014904787879883782
398,joaoestellita#3866,5.243138708556472e-05,1.0,0.0002537157448215503,0.00014904787879883782
405,prasad_h#9454,5.120569016481469e-05,1.0,0.0002537157448215503,0.0001484105164000478
406,ok#8891,5.120569016481469e-05,1.0,0.0002537157448215503,0.0001484105164000478
408,deepcryptodive,5.120569016481469e-05,1.0,0.0002537157448215503,0.0001484105164000478
409,bimboom66#4846,5.120569016481469e-05,1.0,0.0002537157448215503,0.0001484105164000478
407,jpaulet#3269,5.120569016481469e-05,1.0,0.0002537157448215503,0.0001484105164000478
410,sknuth#9426,5.027004861412742e-05,1.0,0.0002537157448215503,0.0001479239827936904
411,erikbjare,4.7794495501783576e-05,1.0,0.0002537157448215503,0.0001466366951752716
415,dazuck,4.7794495501783576e-05,1.0,0.0002537157448215503,0.0001466366951752716
416,bradym,4.7794495501783576e-05,1.0,0.0002537157448215503,0.0001466366951752716
417,benjaminaaron,4.7794495501783576e-05,1.0,0.0002537157448215503,0.0001466366951752716
414,jamiepitts,4.7794495501783576e-05,1.0,0.0002537157448215503,0.0001466366951752716
418,eduadiez,4.7794495501783576e-05,1.0,0.0002537157448215503,0.0001466366951752716
413,jimbobbins,4.7794495501783576e-05,1.0,0.0002537157448215503,0.0001466366951752716
412,wildpau,4.7794495501783576e-05,1.0,0.0002537157448215503,0.0001466366951752716
419,byzzyy,4.636828889748475e-05,1.0,0.0002537157448215503,0.00014589506774103622
421,evaninsky#4772,4.502779278976184e-05,1.0,0.0002537157448215503,0.0001451980097650203
422,xlebushek#6643,4.500903359903164e-05,1.0,0.0002537157448215503,0.0001451882549858406
423,tian#6241,4.500903359903164e-05,1.0,0.0002537157448215503,0.0001451882549858406
424,kaptan48#3044,4.500903359903164e-05,1.0,0.0002537157448215503,0.0001451882549858406
425,jahed#1529,4.500903359903164e-05,1.0,0.0002537157448215503,0.0001451882549858406
426,goombz#3280,4.500903359903164e-05,1.0,0.0002537157448215503,0.0001451882549858406
427,fakepixels#6258,4.500903359903164e-05,1.0,0.0002537157448215503,0.0001451882549858406
428,shawn#7046,4.4433868390814084e-05,1.0,0.0002537157448215503,0.00014488916907756747
430,youngkidwarrior,4.1909210687921416e-05,1.0,0.0002537157448215503,0.00014357634707206328
431,a_bornstein,4.01546330999155e-05,1.0,0.0002537157448215503,0.0001426639667263002
432,yangwao,3.979295288011767e-05,1.0,0.0002537157448215503,0.00014247589301200533
433,sanolution,3.9395984417860757e-05,1.0,0.0002537157448215503,0.00014226946941163173
434,oddname#8763,3.327778110071392e-05,1.0,0.0002537157448215503,0.0001390880036867154
436,mratsim#9204,3.1799804903787297e-05,1.0,0.0002537157448215503,0.00013831945606431354
435,annanna#4694,3.1799804903787297e-05,1.0,0.0002537157448215503,0.00013831945606431354
437,nickjplace,3.112808218971198e-05,1.0,0.0002537157448215503,0.00013797016025299437
438,irenioskamoska#7519,2.8780907391138246e-05,1.0,0.0002537157448215503,0.00013674962935773604
440,fatrui,2.2424782765926395e-05,1.0,0.0002537157448215503,0.00013344444455262586
441,monetaryplurality#6033,2.0971451822253635e-05,1.0,0.0002537157448215503,0.00013268871246191604
442,mindmonkey#3630,2.0971451822253635e-05,1.0,0.0002537157448215503,0.00013268871246191604
444,econaut6,1.6088574282217723e-05,1.0,0.0002537157448215503,0.00013014961614109737
446,paulsalis,9.53931809893276e-06,1.0,0.0002537157448215503,0.00012674400292578917
448,gijsspoor,8.823799222326258e-06,1.0,0.0002537157448215503,0.0001263719331099538
447,hubway,8.823799222326258e-06,1.0,0.0002537157448215503,0.0001263719331099538
449,marveloushelper,8.70214313951693e-06,1.0,0.0002537157448215503,0.00012630867194689295
450,denissrgn,6.923676144396984e-06,1.0,0.0002537157448215503,0.00012538386910943057
451,robinwhitney,5.691352788734079e-06,1.0,0.0002537157448215503,0.00012474306096448587
452,pimpmypeon,5.691352788734079e-06,1.0,0.0002537157448215503,0.00012474306096448587
453,cryptonian_z,5.691352788734079e-06,1.0,0.0002537157448215503,0.00012474306096448587
454,asalemalawi,3.7441715133124937e-06,1.0,0.0002537157448215503,0.00012373052670126665
455,wolfofcurrency,2.922700932063176e-06,1.0,0.0002537157448215503,0.000123303361999017
456,llll79,2.140654115488858e-06,1.0,0.0002537157448215503,0.00012289669765439836
457,immortaz,1.948467287783782e-06,1.0,0.0002537157448215503,0.00012279676050399173
458,burningfiat,1.948467287783782e-06,1.0,0.0002537157448215503,0.00012279676050399173
459,elessar.eth#7945,0.0,0.9429902988988137,0.0002537157448215503,0.00012178355751434415
460,ferdinandrg,0.0,0.9429902988988137,0.0002537157448215503,0.00012178355751434415
