level_0,index,Hatcher,Total Hours Given,Total Hours Received,Total Hours Deducted,Default Net Impact Hours,Initial Distribution,40% Wage Restoration Augmentation,UBI Augmentation,Gifting Economy Augmentation,Composite Augmentations,Augmented Impact Hours,Final Distribution,Diff
0,0,zeptimusQ,857.5832020488682,854.3528059930549,-167.79223279,686.5605732030548,0.0530475981993118,67.116893116,24.12071373544416,25.0,116.23760685144416,802.798180054499,0.0286234694121082,-0.024424128787203597
1,4,sembrestels,825.2761750501132,1226.0075121381014,-844.3849814269998,381.6225307110995,0.0294863402634972,337.75399257079994,25.372425444131977,25.0,388.1264180149319,769.7489487260314,0.0274451114069121,-0.0020412288565851006
2,1,Santigs67,155.60607959835977,623.0052272034503,0.0,623.0052272034503,0.0481369485209066,0.0,24.424423633887614,25.0,49.42442363388761,672.4296508373379,0.023975228171581698,-0.024161720349324903
3,2,ygganderson,278.3194880690703,648.4970646711992,-142.968564695,505.5284999761999,0.0390600244053148,57.187425878,24.734314512099505,25.0,106.9217403900995,612.4502403662993,0.02183668468253504,-0.01722333972277976
4,13,GriffGreen,2440.897111739704,1079.0839394472423,-892.3479459600001,186.73599348724133,0.0144282913096012,356.93917838400006,28.906922811900387,25.0,410.8461011959005,597.5820946831418,0.021306566498724835,0.006878275189123635
5,16,liviade,1580.3207010917324,962.7176286470994,-796.1424019720002,166.57522667510014,0.0128705551112481,318.45696078880013,29.675617545676488,25.0,373.13257833447665,539.7078050095768,0.019243080305835956,0.006372525194587857
6,3,cranders71,455.1971054649688,409.1765594916,10.38050642,419.5570659116,0.0324173795042236,4.152202568,25.050335233298934,25.0,54.20253780129893,473.7596037128989,0.0168917218081487,-0.015525657696074897
7,20,JuankBell,932.4525642394584,805.7952623225726,-646.3631105599999,159.43215176257536,0.0123186402727665,258.545244224,28.52960985215728,25.0,312.0748540761573,471.50700583873265,0.016811406271877053,0.004492765999110552
8,15,JessicaZartler,1405.1873175475357,771.56577918458,-596.4215434739999,175.14423571058,0.013532645778878,238.5686173896,29.288986136655325,25.0,292.85760352625533,468.00183923683534,0.016686430865222618,0.003153785086344618
9,9,iviangita,8055.233986117492,598.1930789045977,-332.589494575,265.6035843295975,0.020522052637075,133.03579783,26.37436712052255,25.0,184.41016495052256,450.01374928012,0.01604507223306511,-0.00447698040400989
10,31,Tam2140,733.7454756881339,759.4404063850585,-642.66608537,116.77432101505843,0.0090226521926597,257.06643414800004,35.01564433208142,25.0,317.08207848008146,433.8563994951399,0.015468987958285467,0.006446335765625767
11,7,OOPS FIX ME,0.0,514.4220871292505,-197.74145,316.6806371292506,0.0244685579854381,79.09658,26.71994069659587,0.0,105.81652069659587,422.4971578258465,0.015063978437158138,-0.009404579548279963
12,5,solsista,123.83129336138695,332.39595509486986,21.287698391,353.6836534858699,0.0273276227503877,8.5150793564,25.700515374544807,25.0,59.21559473094481,412.8992482168147,0.014721768553105273,-0.012605854197282426
13,6,akrtws ,79.77744291788,312.6594495729898,19.835453085,332.49490265798977,0.0256904586251325,7.934181234,26.03452565051623,19.94436072947,53.91306761398623,386.407970271976,0.013777231927610841,-0.01191322669752166
14,8,mzargham,2.52730322,201.43928487699992,88.36829490100001,289.807579778,0.0223921918141249,35.347317960400005,28.157218952508543,0.631825805,64.13636271790855,353.9439424959086,0.012619739136609479,-0.009772452677515423
15,25,markop,312.7475484118756,518.5890858640898,-386.26293372030005,132.32615214378998,0.010224275649031,154.50517348812002,32.49242297960608,25.0,211.9975964677261,344.32374861151607,0.012276734715037712,0.0020524590660067118
16,17,paulo_c2d,297.51022694999995,442.76885181180006,-276.852191799,165.91666001280018,0.0128196704827787,110.7408767196,36.72074112378464,25.0,172.46161784338463,338.3782778561848,0.012064751174798178,-0.0007549193079805228
17,28,naynaysoo,238.96069814437496,448.2541887897775,-322.32213557599994,125.93205321377674,0.0097302309803959,128.9288542304,32.90777951219367,25.0,186.83663374259368,312.7686869563704,0.011151650771745845,0.0014214197913499458
18,10,mateodaza,0.0,324.8861698783999,-81.807933292,243.07823658640004,0.0187816153864968,32.7231733168,27.071137210822656,0.0,59.794310527622656,302.8725471140227,0.010798807600058342,-0.00798280778643846
19,50,chuygarcia92,464.652675372198,460.5646864575332,-385.9553082,74.60937825753268,0.0057647474588312,154.38212328,42.86275722562978,25.0,222.2448805056298,296.8542587631625,0.010584227775634225,0.004819480316803025
20,14,Laurenluz,185.75177894576063,332.41231210819967,-152.7008992188,179.71141288940012,0.0138855320198644,61.08035968752,30.06662418018593,25.0,116.14698386770593,295.85839675710605,0.010548720687579912,-0.0033368113322844884
21,43,vegayp,85.99698214274368,428.2476328125955,-343.14931004,85.09832277259531,0.0065751833269646,137.259724016,39.25885103321042,21.49924553568592,198.01782058489636,283.11614335749164,0.010094400399508962,0.003519217072544362
22,21,divine_comedian,128.67343104070602,327.2782839735998,-173.180397383,154.09788659060007,0.0119064844243591,69.2721589532,30.4618026328547,25.0,124.7339615860547,278.8318481766548,0.009941645454233922,-0.001964838970125178
23,35,jeffemmett,230.090253055008,364.35167725940033,-256.24390422500005,108.1077730344,0.0083530251080338,102.49756169000004,37.572245756038114,25.0,165.06980744603817,273.17758048043817,0.009740044650356241,0.0013870195423224402
24,56,freedumbs00,195.86287650499136,420.3971421224276,-355.5433,64.85384212242813,0.0050109789184976,142.21732,38.41926707656008,25.0,205.6365870765601,270.49042919898824,0.009644235274573814,0.004633256356076214
25,26,VitorMarthendal,11.221320291,377.69346751254,-246.74924290900003,130.94422460354005,0.0101175000202562,98.69969716360002,33.74558827616937,2.80533007275,135.2506155125194,266.1948401160595,0.009491077649435886,-0.0006264223708203134
26,11,metaverde,91.38035482573332,211.26150489963092,0.0,211.26150489963092,0.016323272649656,0.0,27.789911236028047,22.84508870643333,50.63499994246138,261.8965048420923,0.009337822109881683,-0.006985450539774316
27,27,Vyvy-vi#5040,207.5038977551536,274.4900687697956,-148.386829422,126.10323934779522,0.0097434578005909,59.35473176880001,31.263808954544373,25.0,115.61854072334438,241.72178007113962,0.0086184998297292,-0.0011249579708616994
28,12,durgadasji,12.560777360884424,192.5962585310001,0.0,192.5962585310001,0.0148810889177313,0.0,27.427837288110084,3.140194340221106,30.56803162833119,223.1642901593313,0.007956839454739196,-0.006924249462992103
29,18,trentmc0,0.0,109.5984717227,51.5166172,161.11508892269995,0.0124486736270683,20.60664688,41.305286931177065,0.0,61.911933811177065,223.027022733877,0.007951945235928806,-0.004496728391139494
30,19,lkngtn,0.0,130.36418447940002,29.411873005,159.77605748440004,0.01234521239657,11.764749202,33.32559593290205,0.0,45.09034513490205,204.8664026193021,0.007304435105401152,-0.005040777291168848
31,57,Krisjones,217.85237279113773,227.2152642287,-166.291347628,60.92391660069998,0.0047073303867195,66.51653905120001,45.97209134498754,25.0,137.48863039618755,198.41254699688753,0.0070743252925141754,0.0023669949057946752
32,22,xgabi,20.679650321,167.66631430170008,-17.567154410999997,150.0991598907,0.0115975199198937,7.0268617644,35.44132022359068,5.16991258025,47.63809456824068,197.7372544589407,0.007050247989171468,-0.004547271930722232
33,23,Nuggan#5183,46.51424418522963,149.95352203000007,0.0,149.95352203000007,0.0115862671054757,0.0,35.86761943947445,11.628561046307407,47.49618048578186,197.44970251578195,0.007039995431986002,-0.004546271673489698
34,66,fabimol,118.985028638,232.6203384955201,-178.88459672399998,53.73574177152001,0.0041519308706276,71.5538386896,46.8514205708638,25.0,143.4052592604638,197.14100103198382,0.0070289887958245095,0.0028770579251969092
35,24,danlessa,1.590962794,121.3296349985,27.097440104,148.42707510250003,0.0114683250819411,10.8389760416,34.167463344288024,0.3977406985,45.404180084388024,193.83125518688806,0.006910981043300058,-0.004557344038641041
36,29,Mount Manu#3530,145.88755857704834,133.42779853760004,-13.30732922,120.12046931760004,0.0092811947562683,5.322931688000001,32.07980082565818,25.0,62.40273251365818,182.52320183125823,0.0065077966223869655,-0.002773398133881334
37,32,simondlr,0.0,72.91554232240998,42.68239216,115.59793448240998,0.0089317578381822,17.072956864000002,41.70246814436926,0.0,58.77542500836927,174.37335949077925,0.006217217036207077,-0.0027145408019751223
38,30,Tonga2020,79.45739264981576,119.6637677371,0.0,119.6637677371,0.0092459073790362,0.0,31.670177847418486,19.86434816245394,51.53452600987242,171.1982937469724,0.006104011252415791,-0.0031418961266204085
39,52,knobsDAO,99.8422075142422,144.92583105650002,-77.242004782,67.68382627449998,0.0052296396864895,30.8968019128,44.322347340567056,24.96055187856055,100.1797011319276,167.86352740642758,0.005985111403466665,0.0007554717169771649
40,39,sherminv,0.0,61.9520941277,36.41710289,98.3691970177,0.0076005670034893,14.566841156000002,48.52425269113934,0.0,63.09109384713934,161.46029086483935,0.005756806395009618,-0.0018437606084796823
41,78,Suga#8514,79.48755382670024,177.15559472180908,-139.73907036600002,37.41652435580887,0.0028910147589478,55.895628146400014,47.92558914069675,19.87188845667506,123.69310574377184,161.1096300995807,0.005744303716331739,0.002853288957383939
42,34,ddan#2489,47.88871858870143,108.23714770760002,0.0,108.23714770760002,0.0083630213355321,0.0,34.59091897476954,11.972179647175357,46.563098621944896,154.8002463295449,0.005519344993407615,-0.0028436763421244857
43,40,randomshinichi,0.0,57.94504476746,34.43768939,92.38273415746,0.0071380186299881,13.775075756,47.87639852070246,0.0,61.65147427670246,154.03420843416245,0.00549203219822227,-0.00164598643176583
44,38,kristoferkristofer ,2.630291498,137.73610908199996,-39.039983484,98.69612559799997,0.0076258273762001,15.615993393600002,37.996499583846,0.6575728745,54.270065851946,152.96619144994597,0.005453952451358299,-0.002171874924841801
45,36,üêô octopus#5508,45.28059389371942,101.74173771169998,0.0,101.74173771169998,0.0078611487942722,0.0,39.674910797466566,11.320148473429855,50.99505927089642,152.7367969825964,0.005445773477261669,-0.0024153753170105315
46,33,wslyvh,17.337440423999997,102.73075273310002,6.48675671,109.2175094431,0.0084387696925812,2.594702684,36.294207116285406,4.334360105999999,43.2232699062854,152.4407793493854,0.0054352190790577706,-0.003003550613523429
47,60,fabiosmendes,0.0,161.73600333550004,-103.6752610187,58.0607423168,0.0044861051592376,41.47010440748,45.33807448558442,0.0,86.80817889306442,144.86892120986442,0.005165247303792053,0.0006791421445544524
48,37,MerlinEgalite,5.520833766000001,102.47811517924995,-3.048974798,99.42914038124998,0.007682464292466,1.2195899192,37.14687247458063,1.3802084415000002,39.74667083528063,139.1758112165306,0.004962261592311123,-0.0027202027001548773
49,48,vntrp,0.0,53.06882347806001,24.96826608,78.03708955806,0.0060295920463456,9.987306432,48.89471737509621,0.0,58.8820238070962,136.9191133651562,0.00488179987288271,-0.0011477921734628907
50,42,TannrA,3.5926286063,71.5810788007,14.7441498,86.3252286007,0.0066699810912668,5.897659920000001,42.48159464116726,0.898157151575,49.277411712742264,135.60264031344227,0.004834861517684843,-0.0018351195735819567
51,45,BenjaminScholtz,0.0,67.33577211391,16.39309035,83.72886246391,0.0064693709878346,6.5572361400000005,44.66906731857049,0.0,51.22630345857049,134.9551659224805,0.004811776059987917,-0.0016575949278466832
52,44,danibelle,20.392778479,91.71182882076,-6.721329703,84.99049911776,0.0065668522544542,2.6885318812000003,40.497647799086295,5.09819461975,48.28437430003629,133.2748734177963,0.0047518658580141685,-0.0018149863964400312
53,41,sgonzt,0.0,98.85324987734,-10.0485,88.80474987734,0.0068615630922491,4.0194,38.84017635036285,0.0,42.85957635036285,131.66432622770284,0.004694442399195082,-0.0021671206930540176
54,51,willjgriff,0.0,45.3210876775,24.63864917,69.9597368475,0.0054054895595033,9.855459668000002,49.48045884629788,0.0,59.33591851429788,129.29565536179788,0.004609988323734947,-0.0007955012357683533
55,46,Sponnet2,9.974952795,81.98009031370002,0.0,81.98009031370002,0.0063342508455088,0.0,40.08797191005398,2.49373819875,42.58171010880398,124.561800422504,0.004441204493100157,-0.0018930463524086429
56,54,JonathanBSci,0.0,27.941853502700003,37.74853997,65.69039347270001,0.0050756156623399,15.099415988000002,43.60633452087936,0.0,58.70575050887936,124.39614398157937,0.0044352980745412576,-0.0006403175877986427
57,47,BlairV,6.940932222,80.61890621990001,0.0,80.61890621990001,0.0062290779740951,0.0,40.9035496358793,1.7352330555,42.6387826913793,123.2576889112793,0.004394706884013669,-0.0018343710900814315
58,61,uPaul,0.0,25.1072024523,32.88249591,57.9896983623,0.0044806158968187,13.152998364000002,49.61569614697484,0.0,62.76869451097484,120.75839287327483,0.004305595416806845,-0.00017502048001185547
59,58,AnnaMarieSwan#8824,47.11591983842269,60.84541105359999,0.0,60.84541105359999,0.0047012645989631,0.0,46.2750987840863,11.778979959605673,58.054078743691974,118.89948979729196,0.0042393169215917,-0.00046194767737140017
60,55,geleeroyale,0.0,88.04671417289998,-22.881765499,65.1649486739,0.0050350167907317,9.1527061996,43.96797743924324,0.0,53.120683638843246,118.28563231274325,0.004217430062143188,-0.0008175867285885128
61,65,atacas,0.0,91.2927751526,-37.335532429,53.9572427236,0.0041690453015537,14.9342129716,47.38600077817646,0.0,62.32021374977646,116.27745647337645,0.004145829302275561,-2.3215999278139443e-05
62,53,ManuAlzuru,25.402954107300005,66.65062215249999,0.0,66.65062215249999,0.0051498084243096,0.0,43.23779961785624,6.350738526825001,49.58853814468124,116.23916029718123,0.004144463866409911,-0.0010053445578996891
63,70,fiorebotta,20.153137045,83.69926404079997,-34.188996984000006,49.5102670568,0.0038254465171465,13.675598793600004,47.12408485615466,5.03828426125,65.83796791100467,115.34823496780467,0.004112698256388036,0.00028725173924153656
64,49,shawn_westrick,7.506207522,77.57708826860001,0.0,77.57708826860001,0.0059940497147192,0.0,30.860938999654067,1.8765518805,32.73749088015407,110.31457914875408,0.0039332251373061095,-0.0020608245774130906
65,68,heater03,45.6737006552,64.61541552148002,-14.304126302,50.31128921948001,0.003887338072667,5.721650520800001,42.09470130441901,11.4184251638,59.23477698901902,109.54606620849903,0.003905824095319808,1.8486022652807865e-05
66,67,nathalia#0926,0.0,19.332757995,31.13980827,50.472566265000005,0.0038997992599874,12.455923308,43.31631461204135,0.0,55.77223792004135,106.24480418504135,0.0037881188302887133,-0.00011168042969868664
67,71,aminlatifi,0.0,69.30286049602,-21.024086625999995,48.27877387002,0.0037302943072654,8.4096346504,48.32034959653557,0.0,56.72998424693557,105.00875811695556,0.003744048069167396,1.375376190199595e-05
68,59,owocki,0.0,59.8037911477,0.0,59.8037911477,0.0046207830851662,0.0,45.007765255963726,0.0,45.007765255963726,104.81155640366373,0.0037370169156986112,-0.0008837661694675891
69,63,fvigevani,0.0,55.5379978868,0.0,55.5379978868,0.0042911834901155,0.0,47.63686832109239,0.0,47.63686832109239,103.17486620789239,0.0036786613377716936,-0.0006125221523438063
70,64,niranb,0.0,54.6732095717,0.0,54.6732095717,0.0042243649968063,0.0,46.568318417845525,0.0,46.568318417845525,101.24152798954552,0.0036097288853434197,-0.0006146361114628806
71,69,loie_giveth,1.0226303203,49.709979188580014,0.0,49.709979188580014,0.0038408774191465,0.0,48.104314018524185,0.255657580075,48.35997159859919,98.06995078717921,0.003496647484194866,-0.00034422993495163406
72,76,rubenrussel7,8.859418307399999,55.51173233136003,-16.940196295,38.57153603636002,0.0029802575700512,6.776078518,49.6929431645327,2.2148545768499996,58.6838762593827,97.25541229574273,0.003467605418363284,0.00048734784831208416
73,87,Letty#5399,68.82610475435153,28.314837207000004,0.0,28.314837207000004,0.0021877663324422,0.0,49.21395874020148,17.206526188587883,66.42048492878936,94.73532213578937,0.00337775254450116,0.0011899862120589599
74,73,pavl#1561,5.716560621671203,44.0514656994,0.0,44.0514656994,0.0034036682904909,0.0,49.06084141666122,1.4291401554178007,50.48998157207902,94.54144727147902,0.0033708400085908424,-3.282828190005749e-05
75,72,HBesso31,0.0,45.1746043666,0.0,45.1746043666,0.003490448410214,0.0,48.715783884954526,0.0,48.715783884954526,93.89038825155453,0.0033476267422864513,-0.00014282166792754878
76,92,vivszaid,7.3345867359,65.4489375731,-39.40631492,26.0426226531,0.0020122020350116,15.762525968,49.98178046786275,1.833646683975,67.57795311983776,93.62057577293776,0.003338006679086796,0.0013258046440751963
77,74,rosamoc,0.0,41.478691910200006,0.0,41.478691910200006,0.0032048810668225,0.0,49.353886942032695,0.0,49.353886942032695,90.8325788522327,0.0032386016896840605,3.372062286156061e-05
78,77,rdfbbx#6437,27.696806671268696,37.5765397414,0.0,37.5765397414,0.0029033784632032,0.0,45.65963444815047,6.924201667817174,52.58383611596764,90.16037585736764,0.003214634542846556,0.0003112560796433559
79,75,tylerdmace,0.0,39.785087338100006,0.0,39.785087338100006,0.0030740234872355,0.0,49.5935228377794,0.0,49.5935228377794,89.3786101758794,0.003186760979319051,0.0001127374920835509
80,79,jwaup,7.994680376,36.85099483125,0.0,36.85099483125,0.0028473187120736,0.0,49.90822806670229,1.998670094,51.90689816070229,88.75789299195229,0.003164629539850041,0.00031731082777644104
81,86,lescanore,1.974723938,48.0853293711,-18.939972883,29.1453564881,0.0022519370041063,7.5759891532,49.2446647050428,0.4936809845,57.3143348427428,86.4596913308428,0.0030826880175795768,0.000830751013473277
82,62,ethicraul,0.0,19.8159611567,36.81949325,56.6354544067,0.0043759792601919,14.7277973,15.000000000000002,0.0,29.727797300000002,86.3632517067,0.0030792494987832595,-0.00129672976140864
83,80,maghaali#6154,0.0,34.811410413000004,0.0,34.811410413000004,0.00268972874997,0.0,49.85039073031265,0.0,49.85039073031265,84.66180114331266,0.0030185849141251006,0.00032885616415510074
84,81,T Wells#9070,2.09273125,33.77077400259999,0.0,33.77077400259999,0.0026093232266628,0.0,49.77860020949553,0.5231828125,50.30178302199553,84.07255702459553,0.0029975756350467406,0.00038825240838394077
85,96,acidlazzer#5796,15.348917809999998,45.6368438216,-22.581325645,23.055518176600007,0.0017814012517544,9.032530258,47.68849316788883,3.8372294524999995,60.55825287838883,83.61377105498883,0.0029812177925727457,0.0011998165408183457
86,82,rodrigouy,0.0,33.6100891438,0.0,33.6100891438,0.0025969077950767,0.0,49.99890155519611,0.0,49.99890155519611,83.60899069899611,0.0029810473507644103,0.0003841395556877102
87,85,daithic,3.892197872,30.48126968392,0.0,30.48126968392,0.0023551573013488,0.0,49.997406523313366,0.973049468,50.970455991313365,81.45172567523336,0.0029041308716845847,0.0005489735703357846
88,83,quartagiulio,0.0,31.3521829631,0.0,31.3521829631,0.0024224490444282,0.0,49.95204231478209,0.0,49.95204231478209,81.3042252778821,0.0028988718000813444,0.00047642275565314444
89,90,krrisis,16.006340308299997,27.008109295510003,0.0,27.008109295510003,0.0020868010572573,0.0,49.8637917845138,4.001585077074999,53.8653768615888,80.8734861570988,0.002883513957531798,0.000796712900274498
90,84,elihanover,0.0,30.8421398559,0.0,30.8421398559,0.0023830401956374,0.0,49.986263752465625,0.0,49.986263752465625,80.82840360836562,0.002881906556086772,0.0004988663604493723
91,88,phil_h,0.0,27.8416406067,0.0,27.8416406067,0.0021512044556002,0.0,49.959508422624936,0.0,49.959508422624936,77.80114902932493,0.0027739709241948896,0.0006227664685946898
92,89,GraceRachmany,0.0,27.551938219330005,0.0,27.551938219330005,0.0021288203915534,0.0,49.918667960827655,0.0,49.918667960827655,77.47060618015766,0.0027621855423049005,0.0006333651507515006
93,91,fabianvb,0.0,26.5939961815,0.0,26.5939961815,0.0020548043086258,0.0,49.79494623376368,0.0,49.79494623376368,76.38894241526368,0.00272361922457044,0.0006688149159446398
94,93,MisterBoyfriend,0.0,25.031319271,0.0,25.031319271,0.0019340629493065,0.0,49.71221443765149,0.0,49.71221443765149,74.74353370865148,0.002664952791394254,0.0007308898420877539
95,94,burrrata,0.0,23.5310329005,0.0,23.5310329005,0.0018181422400894,0.0,49.50550753383224,0.0,49.50550753383224,73.03654043433224,0.0026040905834470033,0.0007859483433576033
96,95,felixfalafel,0.0,23.3893564427,0.0,23.3893564427,0.0018071955063255,0.0,49.38178095861133,0.0,49.38178095861133,72.77113740131134,0.0025946277373839507,0.0007874322310584508
97,105,anthonyoliai,2.811239188,31.95476506750001,-14.426701857,17.5280632105,0.0013543184544734,5.770680742800001,48.75469313115487,0.702809797,55.22818367095488,72.75624688145487,0.0025940968214573437,0.0012397783669839436
98,97,aidanbrodieo,0.0,22.2740270344,0.0,22.2740270344,0.0017210187746274,0.0,49.09432268406184,0.0,49.09432268406184,71.36834971846184,0.0025446118662356145,0.0008235930916082146
99,98,anjablaj,0.0,22.0799017364,0.0,22.0799017364,0.0017060195433716,0.0,48.93093410730534,0.0,48.93093410730534,71.01083584370534,0.0025318648424969676,0.0008258452991253677
100,100,KZ Flyer#0926,1.8891388689,20.3205793257,0.0,20.3205793257,0.0015700842275546,0.0,48.15101327781862,0.472284717225,48.62329799504362,68.94387732074362,0.0024581682079903044,0.0008880839804357044
101,101,abchewey,0.0,19.04731187624,0.0,19.04731187624,0.0014717042991178,0.0,48.5658084723153,0.0,48.5658084723153,67.6131203485553,0.0024107205649403457,0.0009390162658225456
102,102,jameszaki,0.0,18.981994183060003,0.0,18.981994183060003,0.0014666574804126,0.0,48.36450299599407,0.0,48.36450299599407,67.34649717905407,0.002401214215366584,0.000934556734953984
103,99,David (please DYOR...)#4116,14.1325355119712,20.9368716809,0.0,20.9368716809,0.0016177025011753,0.0,41.38969918708306,3.5331338779928,44.922833065075864,65.85970474597586,0.002348203186209195,0.0007305006850338949
104,104,pehkah,1.476690111,17.6147926152,0.0,17.6147926152,0.0013610196645227,0.0,47.44000019361954,0.36917252775,47.80917272136954,65.42396533656954,0.0023326670602354846,0.0009716473957127846
105,108,CoachB,0.0,17.0422665077,0.0,17.0422665077,0.0013167830216179,0.0,47.18039677261155,0.0,47.18039677261155,64.22266328031155,0.002289835083885378,0.0009730520622674779
106,107,nikoline_nik,0.0,17.1442314736,0.0,17.1442314736,0.0013246614182992,0.0,46.629060092916745,0.0,46.629060092916745,63.77329156651675,0.002273812903187859,0.0009491514848886592
107,109,pacobacpac,0.0,16.6967389949,0.0,16.6967389949,0.0012900855889641,0.0,46.909980629973205,0.0,46.909980629973205,63.60671962487321,0.002267873842792598,0.000977788253828498
108,106,sjdthree#8498,1.474500584,17.400324477999998,0.0,17.400324477999998,0.001344448629114,0.0,45.72650203115469,0.368625146,46.09512717715469,63.49545165515468,0.002263906624870443,0.0009194579957564431
109,114,danielo#2815,9.564292283,15.3254161094,0.0,15.3254161094,0.0011841293364923,0.0,45.406838451847165,2.39107307075,47.79791152259716,63.123327631997164,0.0022506386817447667,0.0010665093452524666
110,110,freddbomba,0.0,16.0313658544,0.0,16.0313658544,0.0012386750530442,0.0,46.3379535058236,0.0,46.3379535058236,62.3693193602236,0.0022237547982983416,0.0009850797452541416
111,111,moritzfelipe#9923,0.0,15.6930639763,0.0,15.6930639763,0.0012125359142705,0.0,46.03698863020739,0.0,46.03698863020739,61.730052606507385,0.0022009619808433596,0.0009884260665728596
112,113,gyalbo,0.0,15.5345114449,0.0,15.5345114449,0.0012002852384999,0.0,45.078350177787264,0.0,45.078350177787264,60.61286162268726,0.0021611289533809814,0.0009608437148810813
113,117,papa_raw,1.639309035,14.850377307900002,0.0,14.850377307900002,0.001147425120645,0.0,44.39634252539339,0.40982725875,44.80616978414339,59.6565470920434,0.002127031915798782,0.000979606795153782
114,116,dulcedu,0.0,14.9016334601,0.0,14.9016334601,0.0011513854642378,0.0,44.74139639236283,0.0,44.74139639236283,59.64302985246283,0.0021265499636677443,0.0009751644994299442
115,119,marinam00,0.0,14.5306888092,0.0,14.5306888092,0.0011227241580644,0.0,44.04355959630338,0.0,44.04355959630338,58.57424840550338,0.0020884429601700587,0.0009657188021056588
116,118,paxthemax,0.0,14.5604628927,0.0,14.5604628927,0.0011250246741149,0.0,43.68342355356453,0.0,43.68342355356453,58.24388644626453,0.0020766640278429382,0.0009516393537280382
117,103,mehigher,0.0,17.759194519,0.0,17.759194519,0.0013721769818388,0.0,38.92894125530596,0.0,38.92894125530596,56.68813577430596,0.0020211943184215123,0.0006490173365827122
118,123,existenialstoic,0.0,13.5083138607,0.0,13.5083138607,0.0010437296197908,0.0,42.942616589860336,0.0,42.942616589860336,56.450930450560335,0.002012736851156002,0.0009690072313652018
119,129,Gfriis,0.0,21.6646897812,-8.890309782,12.7743799992,0.0009870216902805,3.5561239128,39.76255216254802,0.0,43.318676075348016,56.09305607454802,0.00199997697387966,0.0010129552835991603
120,124,Luukweber,0.0,13.50209362486,0.0,13.50209362486,0.0010432490087793,0.0,42.562716246405,0.0,42.562716246405,56.064809871265005,0.0019989698660463754,0.0009557208572670754
121,125,simunstrukan,0.0,13.4852712712,0.0,13.4852712712,0.0010419492174826,0.0,42.17700262301562,0.0,42.17700262301562,55.662273894215616,0.0019846175960579657,0.0009426683785753657
122,137,katalenacaban,0.0,28.306377008,-16.08295,12.223427008,0.0009444519097766,6.43318,36.8109297497399,0.0,43.2441097497399,55.4675367577399,0.001977674316155493,0.0010332224063788929
123,126,jonassft,0.0,13.44042233082,0.0,13.44042233082,0.0010384839317353,0.0,41.78586638794421,0.0,41.78586638794421,55.22628871876421,0.0019690727073876663,0.0009305887756523663
124,121,cpt_grog,0.0,13.95486117286,0.0,13.95486117286,0.001078232420151,0.0,40.98889300194729,0.0,40.98889300194729,54.94375417480729,0.0019589990436976643,0.0008807666235466642
125,120,decentralizesdgs,0.0,13.9860795886,0.0,13.9860795886,0.0010806445335744,0.0,40.17492949317219,0.0,40.17492949317219,54.16100908177219,0.0019310905596170863,0.0008504460260426864
126,127,sergei_tran,0.0,13.063496678699998,0.0,13.063496678699998,0.001009360499186,0.0,40.58383951635116,0.0,40.58383951635116,53.64733619505116,0.0019127757446035661,0.0009034152454175661
127,131,JoeZ#9988,0.0,11.565509243,0.9671689352,12.5326781782,0.0009683464246377,0.38686757408,39.347094622798,0.0,39.733962196878,52.266640375078,0.0018635475505788307,0.0008952011259411307
128,112,tjayrush,0.0,15.57250635343,0.0,15.57250635343,0.0012032209425295,0.0,36.38445159278285,0.0,36.38445159278285,51.95695794621285,0.0018525059391871765,0.0006492849966576765
129,122,RenzoD5,0.0,13.9519901405,0.0,13.9519901405,0.0010780105877636,0.0,37.2369305874309,0.0,37.2369305874309,51.1889207279309,0.0018251218588902312,0.0007471112711266311
130,132,unquaLe,0.0,12.5139459842,0.0,12.5139459842,0.0009668990681487,0.0,38.50847315454087,0.0,38.50847315454087,51.02241913874087,0.0018191853068854362,0.0008522862387367362
131,133,sepu85,0.0,12.491058649719998,0.0,12.491058649719998,0.0009651306617317,0.0,38.08606757433055,0.0,38.08606757433055,50.577126224050545,0.0018033085542473052,0.0008381778925156052
132,134,d8n13l,0.0,12.463655747,0.0,12.463655747,0.0009630133566756,0.0,37.66209739143891,0.0,37.66209739143891,50.12575313843891,0.0017872150153848026,0.0008242016587092026
133,135,pprhsk,0.0,12.3163290803,0.0,12.3163290803,0.000951630055443,0.0,35.95784649989558,0.0,35.95784649989558,48.27417558019558,0.0017211977087699245,0.0007695676533269245
134,128,JoseVicente1,0.0,12.791128924499995,0.0,12.791128924499995,0.000988315808082,0.0,34.68066946095187,0.0,34.68066946095187,47.47179838545186,0.0016925892494319113,0.0007042734413499113
135,115,ZER8üß†#9093,1.5588653553,15.1040951157,0.0,15.1040951157,0.0011670288101802,0.0,31.756565922341903,0.389716338825,32.1462822611669,47.2503773768669,0.0016846945660309108,0.0005176657558507108
136,138,lbagic,0.0,11.2466884033,0.0,11.2466884033,0.0008689834965438,0.0,35.53145808678893,0.0,35.53145808678893,46.77814649008893,0.0016678573500543818,0.0007988738535105817
137,130,mercedesrodsim,0.9196054655,12.674361476,0.0,12.674361476,0.0009792936868992,0.0,33.834684112582266,0.229901366375,34.06458547895727,46.73894695495727,0.0016664597052630922,0.0006871660183638921
138,139,juliet_myea,0.0,11.1164859009,0.0,11.1164859009,0.0008589233062249,0.0,35.10562278715162,0.0,35.10562278715162,46.22210868805162,0.001648032029800778,0.000789108723575878
139,140,Andfletcher,0.0,11.087399356600002,0.0,11.087399356600002,0.0008566759133869,0.0,34.256919025915394,0.0,34.256919025915394,45.3443183825154,0.0016167347441504098,0.0007600588307635098
140,136,ludo_lb,0.0,12.297206245,0.0,12.297206245,0.0009501525157721,0.0,32.580067927980345,0.0,32.580067927980345,44.87727417298034,0.0016000824572147054,0.0006499299414426055
141,142,auryn_macmillan,0.0,10.5804483882,0.0,10.5804483882,0.0008175059809322,0.0,33.41426874327098,0.0,33.41426874327098,43.99471713147098,0.0015686152153727157,0.0007511092344405157
142,143,crypt0dawg,0.0,10.57816728036,0.0,10.57816728036,0.0008173297294886,0.0,32.995968035204626,0.0,32.995968035204626,43.574135315564625,0.0015536195277366686,0.0007362897982480686
143,144,markusbkoch#6770,0.0,10.475044060999998,0.0,10.475044060999998,0.0008093618395177,0.0,32.166844935491575,0.0,32.166844935491575,42.64188899649157,0.0015203806332529685,0.0007110187937352685
144,145,chriscyber,0.0,10.2059980708,0.0,10.2059980708,0.0007885738069066,0.0,31.349487904719812,0.0,31.349487904719812,41.555485975519815,0.0014816453391122968,0.0006930715322056968
145,146,rogervs,0.0,10.2046413973,0.0,10.2046413973,0.0007884689825495,0.0,30.945857875636044,0.0,30.945857875636044,41.150499272936045,0.0014672056894198546,0.0006787367068703547
146,147,petheth,0.0,10.0117509933,0.0,10.0117509933,0.0007735651662698,0.0,30.545912654359825,0.0,30.545912654359825,40.55766364765982,0.0014460683565158984,0.0006725031902460984
147,148,aaron_soskin,0.0,9.6389066313,0.0,9.6389066313,0.0007447570775472,0.0,30.14987875982628,0.0,30.14987875982628,39.78878539112628,0.0014186542893140659,0.0006738972117668659
148,149,nelsonm,0.0,9.4348926228,0.0,9.4348926228,0.0007289937879376,0.0,29.75797230772628,0.0,29.75797230772628,39.192864930526284,0.0013974069677582604,0.0006684131798206604
149,152,katebee,0.0,9.074957279,0.0,9.074957279,0.0007011831238231,0.0,29.37039893093109,0.0,29.37039893093109,38.44535620993109,0.0013707548233827113,0.0006695716995596113
150,157,A Mensch#5604,6.026104422,8.493298306100002,0.0,8.493298306100002,0.0006562408234817,0.0,27.503986261393685,1.5065261055,29.010512366893686,37.50381067299369,0.0013371843687576082,0.0006809435452759081
151,153,officialnico,0.0,8.7506688877,0.0,8.7506688877,0.0006761267472209,0.0,28.609021203245497,0.0,28.609021203245497,37.3596900909455,0.0013320458032072583,0.0006559190559863583
152,154,boring877,0.0,8.741788021800001,0.0,8.741788021800001,0.0006754405607076,0.0,28.23557530605212,0.0,28.23557530605212,36.97736332785212,0.0013184140851980187,0.0006429735244904188
153,156,thebeautyway,0.0,8.645482492000001,0.0,8.645482492000001,0.000667999444441,0.0,27.86717938855142,0.0,27.86717938855142,36.51266188055142,0.0013018453285751886,0.0006338458841341886
154,151,antoniopaglino,0.0,9.2241570169,0.0,9.2241570169,0.0007127111492537,0.0,27.146138238768938,0.0,27.146138238768938,36.370295255668935,0.0012967692997128012,0.0005840581504591012
155,168,Michal#7390,0.0,7.373263247,0.0,7.373263247,0.0005697005062784,0.0,28.987353722847384,0.0,28.987353722847384,36.360616969847385,0.0012964242240448966,0.0007267237177664966
156,155,magentaceiba,0.0,8.6897921403,0.0,8.6897921403,0.0006714230613965,0.0,26.79376720806434,0.0,26.79376720806434,35.48355934836434,0.0012651530619709216,0.0005937300005744217
157,150,sbilbao,7.390396295,9.3664963612,0.0,9.3664963612,0.0007237091014215,0.0,23.885636081559976,1.84759907375,25.733235155309977,35.099731516509976,0.0012514678239153828,0.0005277587224938828
158,141,bradleyc#1813,3.778582645,11.878512481,-1.272516029,10.605996452,0.0008194799705205,0.5090064116,22.75313659854132,0.94464566125,24.206788671391323,34.81278512339132,0.0012412368573905346,0.00042175688687003457
159,160,josiprajevic,0.0,7.976419574999999,0.0,7.976419574999999,0.0006163038152768,0.0,26.446994718289503,0.0,26.446994718289503,34.423414293289504,0.001227353985801775,0.0006110501705249751
160,158,Ekeneodigwe#1502,0.0,10.5498639776,-2.304283967,8.2455800106,0.0006371006905944,0.9217135868,24.489463596066592,0.0,25.41117718286659,33.65675719346659,0.0012000191131132656,0.0005629184225188656
161,163,JamesSimbouras,0.0,7.743445501,0.0,7.743445501,0.000598302905305,0.0,25.77068052159257,0.0,25.77068052159257,33.51412602259257,0.0011949336519623092,0.0005966307466573092
162,164,castall,0.0,7.735005593500001,0.0,7.735005593500001,0.0005976507897607,0.0,25.441331264218984,0.0,25.441331264218984,33.17633685771899,0.0011828899053909802,0.0005852391156302802
163,165,rpp63,0.0,7.550192527799998,0.0,7.550192527799998,0.0005833710748544,0.0,25.11796574274644,0.0,25.11796574274644,32.668158270546435,0.001164770987576749,0.000581399912722349
164,166,brutalfluffy,0.0,7.4457253478,0.0,7.4457253478,0.0005752993427947,0.0,24.80065574366952,0.0,24.80065574366952,32.246381091469516,0.0011497326797131038,0.0005744333369184038
165,162,morgangr,0.0,7.7992699220000015,0.0,7.7992699220000015,0.0006026162194837,0.0,24.18444236907981,0.0,24.18444236907981,31.98371229107981,0.0011403673216937827,0.0005377511022100827
166,170,fahern#7639,0.0,7.0962771097,0.0,7.0962771097,0.000548298972471,0.0,23.59307992299075,0.0,23.59307992299075,30.68935703269075,0.0010942175681599798,0.0005459185956889798
167,171,jakublanc,0.0,7.0762450689000005,0.0,7.0762450689000005,0.0005467511823808,0.0,23.306800484803123,0.0,23.306800484803123,30.383045553703123,0.0010832961467277778,0.0005365449643469778
168,208,PaulaBerman#9915,0.0,4.261122734,0.0,4.261122734,0.0003292387234189,0.0,26.10593208652149,0.0,26.10593208652149,30.367054820521492,0.0010827260031057897,0.0007534872796868897
169,177,PKK777,14.521244912733996,6.3174617876,0.0,6.3174617876,0.0004881232445152,0.0,20.36008527713389,3.630311228183499,23.99039650531739,30.307858292917388,0.0010806153730131007,0.0005924921284979007
170,172,Typto,0.0,7.0533432822,0.0,7.0533432822,0.0005449816593026,0.0,23.026816001190948,0.0,23.026816001190948,30.080159283390948,0.0010724968498322125,0.0005275151905296125
171,167,johann#1308,4.434408984,7.381298604699999,0.0,7.381298604699999,0.0005703213639905,0.0,21.243078520119766,1.108602246,22.351680766119767,29.732979370819766,0.0010601182796574457,0.0004897969156669457
172,174,glefevre,0.0,6.717914856559999,0.0,6.717914856559999,0.000519064539907,0.0,22.485764552598702,0.0,22.485764552598702,29.203679409158703,0.0010412462871207822,0.0005221817472137822
173,175,stephen_yo,0.0,6.6727999942,0.0,6.6727999942,0.0005155787075061,0.0,21.96991397074696,0.0,21.96991397074696,28.642713964946957,0.0010212452736250185,0.0005056665661189186
174,178,solarpunk_girl,0.0,6.2643369074,0.0,6.2643369074,0.0004840185123048,0.0,22.22469455248983,0.0,22.22469455248983,28.48903145988983,0.0010157657812794078,0.0005317472689746077
175,179,davidkish,0.0,6.250635029,0.0,6.250635029,0.0004829598267811,0.0,21.72140313848008,0.0,21.72140313848008,27.97203816748008,0.0009973325784406182,0.0005143727516595182
176,182,xlcrr,0.0,6.1595270937,0.0,6.1595270937,0.0004759203064049,0.0,21.479135624863478,0.0,21.479135624863478,27.638662718563477,0.0009854462012640229,0.0005095258948591228
177,186,XQTStrategy,0.0,5.915470243,0.0,5.915470243,0.0004570630776926,0.0,21.013192721203552,0.0,21.013192721203552,26.928662964203554,0.0009601314250768794,0.0005030683473842795
178,176,BK#7471,5.287923104,6.5128051907,0.0,6.5128051907,0.0005032165935407,0.0,18.875237195459903,1.321980776,20.197217971459903,26.710023162159903,0.0009523359045568392,0.00044911931101613916
179,187,NukeManDan,0.0,5.744592804200001,0.0,5.744592804200001,0.0004438601090565,0.0,20.789433219407822,0.0,20.789433219407822,26.534026023607822,0.0009460607922843848,0.0005022006832278848
180,188,willruddick,0.0,5.697661003,0.0,5.697661003,0.0004402338895648,0.0,20.571749389139427,0.0,20.571749389139427,26.269410392139427,0.0009366260207297369,0.0004963921311649369
181,185,bends#3537,0.0,5.9537026512,0.0,5.9537026512,0.0004600171323057,0.0,20.15437989140586,0.0,20.15437989140586,26.10808254260586,0.0009308739364809513,0.0004708568041752513
182,159,krisparuch,0.0,8.116949457,0.0,8.116949457,0.0006271619580341,0.0,17.730230178238987,0.0,17.730230178238987,25.847179635238987,0.0009215715407181223,0.0002944095826840224
183,169,WhyldWanderer#7002,0.0,7.226009726799999,0.0,7.226009726799999,0.000558322856763,0.0,18.55898317447579,0.0,18.55898317447579,25.784992901275793,0.0009193542959339929,0.0003610314391709928
184,191,penguin#5853,0.0,5.5181627137,0.0,5.5181627137,0.0004263648246929,0.0,19.76057786370329,0.0,19.76057786370329,25.27874057740329,0.0009013040583186192,0.00047493923362571915
185,193,melvera,1.114266762,5.450343069500001,0.0,5.450343069500001,0.0004211246909363,0.0,19.389765495423003,0.2785666905,19.668332185923003,25.118675255423003,0.0008955969890184235,0.00047447229808212347
186,184,positonic,0.0,6.049763778999999,0.0,6.049763778999999,0.0004674393646752,0.0,19.04130257043602,0.0,19.04130257043602,25.09106634943602,0.0008946126037823153,0.0004271732391071153
187,192,orishim,0.0,5.5097259585,0.0,5.5097259585,0.0004257129527133,0.0,19.57233662767076,0.0,19.57233662767076,25.08206258617076,0.0008942915779643451,0.0004685786252510451
188,194,TokenBrice,0.0,5.3405835997,0.0,5.3405835997,0.0004126440462856,0.0,19.21278256060907,0.0,19.21278256060907,24.55336616030907,0.0008754411042712985,0.0004627970579856985
189,161,freshelle,0.0,9.779958827,-1.842858404,7.937100422999999,0.0006132657926198,0.7371433616,15.0,0.0,15.7371433616,23.674243784599998,0.0008440963241562012,0.00023083053153640128
190,197,Revathi#5324,0.0,4.956377962,0.0,4.956377962,0.0003829581203963,0.0,18.71449529453298,0.0,18.71449529453298,23.670873256532982,0.0008439761492362452,0.0004610180288399452
191,190,Lin#3884,0.0,5.5373761374,0.0,5.5373761374,0.0004278493637419,0.0,18.122855578575333,0.0,18.122855578575333,23.660231715975332,0.000843596729080324,0.00041574736533842396
192,198,ryanchrypto,0.0,4.7544971553,0.0,4.7544971553,0.0003673596541634,0.0,18.40860484407469,0.0,18.40860484407469,23.163101999374692,0.0008258717546216095,0.0004585121004582095
193,199,CJ_33Logic#3171,0.0,4.746336727099999,0.0,4.746336727099999,0.0003667291327889,0.0,18.26326226203797,0.0,18.26326226203797,23.00959898913797,0.0008203986620968119,0.0004536695293079119
194,189,witwiki3,0.0,5.55492647482,0.0,5.55492647482,0.0004292054032293,0.0,17.378307596022328,0.0,17.378307596022328,22.933234070842328,0.000817675899443258,0.00038847049621395797
195,200,exiledsurfer,0.0,4.64296860931,0.0,4.64296860931,0.0003587423205641,0.0,17.987283370297586,0.0,17.987283370297586,22.630251979607586,0.00080687318608847,0.00044813086552437
196,201,tunoncedemalis,0.0,4.5472097933,0.0,4.5472097933,0.0003513434465331,0.0,17.856442868164365,0.0,17.856442868164365,22.403652661464363,0.0007987938719933175,0.0004474504254602175
197,195,Lydia#2825,0.0,5.1928414708,0.0,5.1928414708,0.0004012286440664,0.0,17.164895121065868,0.0,17.164895121065868,22.35773659186587,0.0007971567516730055,0.00039592810760660546
198,263,celineflash,0.0,2.3853256187,0.0,2.3853256187,0.0001843039054878,0.0,19.954567489258505,0.0,19.954567489258505,22.339893107958506,0.0007965205489155538,0.0006122166434277538
199,204,chanate91,0.0,4.3976995539,0.0,4.3976995539,0.00033979142998,0.0,17.60854049503943,0.0,17.60854049503943,22.006240048939432,0.0007846242736543911,0.0004448328436743911
200,206,acryptomuppet,0.0,4.33087943,0.0,4.33087943,0.0003346285248808,0.0,17.491268307304427,0.0,17.491268307304427,21.822147737304427,0.000778060531007726,0.00044343200612692596
201,173,Julio Holon#2942,0.0,6.75424484,0.0,6.75424484,0.0005218716022979,0.0,15.000000000000002,0.0,15.000000000000002,21.754244840000002,0.0007756394785536025,0.00025376787625570256
202,205,paul2#3057,0.0,4.3870295646,0.0,4.3870295646,0.0003389670055559,0.0,17.064230452263587,0.0,17.064230452263587,21.451260016863586,0.0007648366677938803,0.00042586966223798027
203,211,hxrts,0.0,4.07626873771,0.0,4.07626873771,0.0003149558459811,0.0,17.26955202459872,0.0,17.26955202459872,21.34582076230872,0.0007610772705349305,0.00044612142455383047
204,180,davidhq,0.0,6.1903993569,0.0,6.1903993569,0.0004783056741025,0.0,15.0,0.0,15.0,21.190399356900002,0.0007555357783464439,0.00027723010424394394
205,181,adriazero,0.0,6.167214456,0.0,6.167214456,0.0004765142760012,0.0,15.0,0.0,15.0,21.167214456,0.0007547091293601583,0.0002781948533589583
206,183,nic#9212,0.0,6.116729765800001,0.0,6.116729765800001,0.0004726135399767,0.0,15.0,0.0,15.0,21.116729765800002,0.0007529091165778408,0.00028029557660114076
207,212,bierlingm,0.0,3.92001971182,0.0,3.92001971182,0.0003028831522262,0.0,16.967451789946328,0.0,16.967451789946328,20.887471501766328,0.0007447349987595923,0.0004418518465333923
208,213,Michel Bauwens#1511,0.0,3.8965481013,0.0,3.8965481013,0.0003010696012992,0.0,16.874453268795804,0.0,16.874453268795804,20.771001370095803,0.0007405822996950912,0.00043951269839589117
209,215,thelastjosh,0.0,3.85650715565,0.0,3.85650715565,0.0002979758087349,0.0,16.6993758948148,0.0,16.6993758948148,20.5558830504648,0.0007329123363158468,0.0004349365275809468
210,216,eugene#1706,0.0,3.82212754,0.0,3.82212754,0.0002953194429189,0.0,16.61708843497971,0.0,16.61708843497971,20.43921597497971,0.0007287526152931597,0.00043343317237425966
211,196,Yalormewn,0.0,5.1475225697,0.0,5.1475225697,0.0003977270464649,0.0,15.0,0.0,15.0,20.1475225697,0.0007183523958218467,0.00032062534935694664
212,219,AdaptDAO,0.0,3.6419894742,0.0,3.6419894742,0.000281400945254,0.0,16.462501113497524,0.0,16.462501113497524,20.104490587697523,0.0007168181065680934,0.0004354171613140934
213,209,adnfx2#9648,3.1781185664,4.1653332099,0.0,4.1653332099,0.0003218374767053,0.0,14.999999999999998,0.7945296416,15.794529641599999,19.9598628515,0.000711661458625878,0.00038982398192057797
214,258,Mettodo#7010,9.233151810219947,2.4985588648,0.0,2.4985588648,0.0001930529539715,0.0,15.0,2.308287952554987,17.308287952554988,19.806846817354987,0.0007062057290518343,0.0005131527750803343
215,202,innov8tor3#3988,0.0,4.4987736251,0.0,4.4987736251,0.0003476009910394,0.0,15.0,0.0,15.0,19.4987736251,0.000695221494390761,0.00034762050335136095
216,203,ComandoBurrito,0.0,4.4300835698,0.0,4.4300835698,0.000342293604341,0.0,14.999999999999998,0.0,14.999999999999998,19.430083569799997,0.0006927723761121643,0.0003504787717711643
217,207,adriamb,0.0,4.3300910775,0.0,4.3300910775,0.0003345676122559,0.0,15.0,0.0,15.0,19.3300910775,0.0006892071811280462,0.00035463956887214624
218,210,maxsong123,0.0,4.136146479000001,0.0,4.136146479000001,0.0003195823428774,0.0,15.0,0.0,15.0,19.136146479,0.0006822921588712301,0.00036270981599383014
219,217,Lanski13,1.316849482,3.7147377014,0.0,3.7147377014,0.0002870218895331,0.0,14.999999999999998,0.3292123705,15.329212370499999,19.0439500719,0.0006790049303945113,0.0003919830408614113
220,214,taxil#8577,0.0,3.872648522,0.0,3.872648522,0.0002992229830556,0.0,15.0,0.0,15.0,18.872648522,0.0006728972375825065,0.0003736742545269065
221,218,airnova#1324,0.6557407349,3.6781388347,0.0,3.6781388347,0.0002841940516831,0.0,15.0,0.163935183725,15.163935183725,18.842074018425,0.0006718071150715038,0.0003876130633884038
222,272,REOS#2250,0.0,2.2059911433,0.0,2.2059911433,0.0001704474978151,0.0,16.538164162010695,0.0,16.538164162010695,18.744155305310695,0.0006683158599100758,0.0004978683620949758
223,220,CodersInBlack,0.0,3.5791253101,0.0,3.5791253101,0.0002765437002439,0.0,15.0,0.0,15.0,18.5791253101,0.0006624317770392439,0.00038588807679534393
224,221,tze42,0.0,3.5477287389,0.0,3.5477287389,0.0002741178215103,0.0,15.000000000000002,0.0,15.000000000000002,18.547728738900002,0.0006613123440139632,0.0003871945225036632
225,222,The Blockchain Socialist#5005,0.0,3.5453632533,0.0,3.5453632533,0.0002739350505582,0.0,15.0,0.0,15.0,18.5453632533,0.0006612280035079698,0.0003872929529497698
226,223,kei#9866,0.0,3.519506129,0.0,3.519506129,0.0002719371811873,0.0,15.0,0.0,15.0,18.519506129,0.0006603060773939421,0.0003883688962066421
227,224,andythegreenie#7463,0.0,3.4820336514,0.0,3.4820336514,0.0002690418431606,0.0,14.999999999999998,0.0,14.999999999999998,18.4820336514,0.0006589700101942049,0.0003899281670336049
228,225,Smokyish,0.0,3.4601946733,0.0,3.4601946733,0.0002673544387558,0.0,15.000000000000002,0.0,15.000000000000002,18.460194673300002,0.0006581913495828985,0.00039083691082709846
229,226,alexholman,0.0,3.4496939318,0.0,3.4496939318,0.0002665430913851,0.0,15.0,0.0,15.0,18.4496939318,0.0006578169495648149,0.0003912738581797149
230,227,monstros1ty,0.0,3.3972128246,0.0,3.3972128246,0.0002624881007602,0.0,15.000000000000002,0.0,15.000000000000002,18.3972128246,0.0006559457552796575,0.0003934576545194575
231,228,kentphilly,0.0,3.38072127,0.0,3.38072127,0.0002612138688916,0.0,14.999999999999998,0.0,14.999999999999998,18.38072127,0.0006553577550569624,0.00039414388616536246
232,248,Tyrannosaurus#3104,2.253142836,2.801463604,0.0,2.801463604,0.000216457107261,0.0,14.999999999999998,0.563285709,15.563285708999999,18.364749312999997,0.0006547882808927211,0.0004383311736317211
233,229,willyogo,0.0,3.323506846,0.0,3.323506846,0.0002567931551279,0.0,15.0,0.0,15.0,18.323506846,0.000653317796128326,0.00039652464100042596
234,276,üêôMusashi13#5579,5.029340499151515,2.0559053417,0.0,2.0559053417,0.0001588510100332,0.0,15.0,1.2573351247878788,16.25733512478788,18.31324046648788,0.0006529517521994292,0.0004941007421662292
235,232,nyanncatt,0.0,3.2800464337,0.0,3.2800464337,0.0002534351550049,0.0,15.0,0.0,15.0,18.2800464337,0.0006517682313522546,0.00039833307634735455
236,230,tawhuac,0.0,3.2800464337,0.0,3.2800464337,0.0002534351550049,0.0,15.0,0.0,15.0,18.2800464337,0.0006517682313522546,0.00039833307634735455
237,231,jodisattva,0.0,3.2800464337,0.0,3.2800464337,0.0002534351550049,0.0,15.0,0.0,15.0,18.2800464337,0.0006517682313522546,0.00039833307634735455
238,233,Atotsm#5719,0.0,3.2487509029,0.0,3.2487509029,0.0002510170832307,0.0,15.0,0.0,15.0,18.2487509029,0.0006506524008847158,0.0003996353176540158
239,234,jelena_dragovic,0.0,3.221203688,0.0,3.221203688,0.0002488886277899,0.0,15.0,0.0,15.0,18.221203688,0.0006496702152212836,0.0004007815874313836
240,235,staccop2p,0.0,3.203709809,0.0,3.203709809,0.0002475369506031,0.0,15.0,0.0,15.0,18.203709809,0.0006490464774962907,0.0004015095268931907
241,236,matslats,0.0,3.1168436076,0.0,3.1168436076,0.000240825170858,0.0,15.0,0.0,15.0,18.1168436076,0.0006459492955139522,0.0004051241246559522
242,237,Pineapple#7041,0.0,3.1091513277,0.0,3.1091513277,0.0002402308212998,0.0,15.000000000000002,0.0,15.000000000000002,18.1091513277,0.0006456750301457721,0.0004054442088459721
243,238,independentcurrencies,0.0,3.07250183,0.0,3.07250183,0.000237399071409,0.0,15.0,0.0,15.0,18.07250183,0.0006443683059871375,0.0004069692345781375
244,239,hanners717,0.0,3.0651496584,0.0,3.0651496584,0.0002368310005641,0.0,15.0,0.0,15.0,18.0651496584,0.0006441061670534258,0.00040727516648932576
245,240,barlin#4926,0.0,3.044940949,0.0,3.044940949,0.0002352695600471,0.0,15.0,0.0,15.0,18.044940949,0.0006433856330640117,0.00040811607301691167
246,241,Mateo#5403,0.0,3.043916953,0.0,3.043916953,0.0002351904402571,0.0,15.0,0.0,15.0,18.043916953,0.0006433491228689062,0.0004081586826118062
247,242,Seedsalchemist,0.0,3.0255309855,0.0,3.0255309855,0.0002337698352085,0.0,15.000000000000002,0.0,15.000000000000002,18.0255309855,0.0006426935780614771,0.0004089237428529771
248,243,cemfd,0.0,2.915896682,0.0,2.915896682,0.0002252988616223,0.0,15.0,0.0,15.0,17.915896682,0.0006387846078984692,0.0004134857462761692
249,244,edendh,0.0,2.8903000732,0.0,2.8903000732,0.0002233211211696,0.0,15.0,0.0,15.0,17.8903000732,0.0006378719703673392,0.0004145508491977392
250,245,blackboxdotart,0.0,2.873119248,0.0,2.873119248,0.0002219936323106,0.0,15.000000000000002,0.0,15.000000000000002,17.873119248000002,0.0006372593944587174,0.00041526576214811735
251,246,oedth,0.0,2.8700108485,0.0,2.8700108485,0.0002217534595798,0.0,15.000000000000002,0.0,15.000000000000002,17.8700108485,0.0006371485656349614,0.00041539510605516144
252,247,barnabemonnot,0.0,2.850333502,0.0,2.850333502,0.0002202330752008,0.0,14.999999999999998,0.0,14.999999999999998,17.850333501999998,0.0006364469771913802,0.0004162139019905801
253,249,rodbot2#3621,0.0,2.7575988002000003,0.0,2.7575988002000003,0.0002130678615368,0.0,15.0,0.0,15.0,17.7575988002,0.0006331405560180873,0.0004200726944812873
254,250,IvanThinking,0.0,2.7243435545,0.0,2.7243435545,0.0002104983709765,0.0,15.0,0.0,15.0,17.7243435545,0.0006319548526473827,0.0004214564816708827
255,251,tech_digger,0.0,2.713596376,0.0,2.713596376,0.0002096679824732,0.0,14.999999999999998,0.0,14.999999999999998,17.713596375999998,0.0006315716660100632,0.00042190368353686324
256,252,ferdinandrg,0.0,2.7116175664,0.0,2.7116175664,0.0002095150883213,0.0,15.000000000000002,0.0,15.000000000000002,17.7116175664,0.0006315011122924975,0.0004219860239711975
257,253,BlockEnthusiast,0.0,2.6809759145,0.0,2.6809759145,0.0002071475389723,0.0,15.0,0.0,15.0,17.6809759145,0.0006304085956330344,0.00042326105666073434
258,254,deam123,0.0,2.62036064,0.0,2.62036064,0.0002024640560402,0.0,15.000000000000002,0.0,15.000000000000002,17.62036064,0.0006282473806494136,0.00042578332460921364
259,255,MikeGilliland#3316,0.0,2.6093077453,0.0,2.6093077453,0.000201610046154,0.0,15.0,0.0,15.0,17.6093077453,0.000627853293815112,0.0004262432476611121
260,256,terry#6288,0.0,2.5406166401,0.0,2.5406166401,0.0001963025783344,0.0,15.000000000000002,0.0,15.000000000000002,17.5406166401,0.0006254041381027229,0.00042910155976832293
261,257,gcrewe,0.0,2.528591449,0.0,2.528591449,0.0001953734432651,0.0,15.0,0.0,15.0,17.528591449,0.0006249753844032536,0.0004296019411381537
262,259,matiasbd,0.0,2.4142701941,0.0,2.4142701941,0.0001865403289963,0.0,14.999999999999998,0.0,14.999999999999998,17.4142701941,0.0006208993027377945,0.00043435897374149453
263,260,CryptoDude#5999,0.0,2.4134039356,0.0,2.4134039356,0.0001864733969081,0.0,15.0,0.0,15.0,17.4134039356,0.0006208684166143656,0.00043439501970626566
264,261,Pronoiaüêô#2154,0.0,2.4084554497,0.0,2.4084554497,0.0001860910485735,0.0,15.0,0.0,15.0,17.4084554497,0.0006206919801969521,0.00043460093162345204
265,262,Bagholder McFomo III üêô#9024,0.0,2.3877968397,0.0,2.3877968397,0.000184494846162,0.0,15.000000000000002,0.0,15.000000000000002,17.387796839700002,0.0006199554051696003,0.0004354605590076003
266,264,harsh24#4473,0.0,2.3781057123,0.0,2.3781057123,0.000183746054209,0.0,14.999999999999998,0.0,14.999999999999998,17.3781057123,0.0006196098716400101,0.00043586381743101007
267,265,wertuals,0.0,2.358338179,0.0,2.358338179,0.0001822187014818,0.0,15.0,0.0,15.0,17.358338179,0.0006189050676197432,0.00043668636613794325
268,266,jantanner#2104,0.0,2.3170985533,0.0,2.3170985533,0.0001790322920382,0.0,15.0,0.0,15.0,17.3170985533,0.0006174346841608387,0.0004384023921226387
269,267,JohnKellden,0.0,2.2896609936,0.0,2.2896609936,0.0001769123091855,0.0,15.000000000000002,0.0,15.000000000000002,17.289660993600002,0.0006164564082126266,0.0004395440990271266
270,268,META_DREAMER,0.0,2.2852713397,0.0,2.2852713397,0.0001765731394088,0.0,15.0,0.0,15.0,17.2852713397,0.0006162998967415518,0.00043972675733275183
271,269,flakoubay,0.0,2.245699756,0.0,2.245699756,0.0001735156124343,0.0,15.0,0.0,15.0,17.245699756,0.00061488898669745,0.00044137337426315004
272,270,FutureMike#3316,0.0,2.244644384,0.0,2.244644384,0.000173434068355,0.0,15.0,0.0,15.0,17.244644384,0.0006148513578027777,0.00044141728944777764
273,271,michaelr10,0.0,2.2091006079,0.0,2.2091006079,0.0001706877528416,0.0,14.999999999999998,0.0,14.999999999999998,17.209100607899998,0.000613584057735007,0.000442896304893407
274,273,ActiveInferenceLab#3629,0.0,2.201633887,0.0,2.201633887,0.0001701108312624,0.0,15.0,0.0,15.0,17.201633887,0.000613317834588767,0.000443207003326367
275,274,hanna_nevermind,0.0,2.0786292699,0.0,2.0786292699,0.0001606067907461,0.0,14.999999999999998,0.0,14.999999999999998,17.0786292699,0.0006089321508857086,0.00044832536013960863
276,275,ubipromoter,0.0,2.0588731577,0.0,2.0588731577,0.0001590803204784,0.0,15.0,0.0,15.0,17.0588731577,0.0006082277540804985,0.00044914743360209845
277,277,Andeh#4874,0.0,2.0502654597,0.0,2.0502654597,0.00015841524048,0.0,15.0,0.0,15.0,17.0502654597,0.0006079208498217034,0.0004495056093417034
278,278,Liam ¬¨ LTF#1024,0.0,2.0480669118,0.0,2.0480669118,0.0001582453680898,0.0,15.0,0.0,15.0,17.0480669118,0.000607842461417083,0.000449597093327283
279,279,eskalexia,0.0,1.8987097661,0.0,1.8987097661,0.0001467051804318,0.0,15.000000000000002,0.0,15.000000000000002,16.8987097661,0.000602517188144623,0.00045581200771282305
280,280,Guy James#3266,0.0,1.8869208749,0.0,1.8869208749,0.0001457943032449,0.0,15.0,0.0,15.0,16.8869208749,0.0006020968596298736,0.0004563025563849736
281,281,ontologymachine,0.0,1.8768355651,0.0,1.8768355651,0.0001450150545043,0.0,14.999999999999998,0.0,14.999999999999998,16.8768355651,0.0006017372716739662,0.00045672221716966616
282,282,notsure1#0821,0.0,1.7912179598,0.0,1.7912179598,0.0001383997484381,0.0,15.0,0.0,15.0,16.7912179598,0.0005986846079194518,0.0004602848594813518
283,284,Christian_RegenNetwork#5044,0.0,1.779980357,0.0,1.779980357,0.0001375314669473,0.0,15.0,0.0,15.0,16.779980357,0.0005982839353867993,0.00046075246843949925
284,283,Will | Regen Foundation#6405,0.0,1.779980357,0.0,1.779980357,0.0001375314669473,0.0,15.0,0.0,15.0,16.779980357,0.0005982839353867993,0.00046075246843949925
285,285,arcorren,0.0,1.7522973951999998,0.0,1.7522973951999998,0.0001353925229242,0.0,15.0,0.0,15.0,16.7522973952,0.0005972969097183242,0.0004619043867941242
286,286,mikaelseppala#6132,0.0,1.7158062126,0.0,1.7158062126,0.0001325730053638,0.0,15.0,0.0,15.0,16.7158062126,0.0005959958302254786,0.00046342282486167864
287,287,victorid,0.0,1.7145449920499998,0.0,1.7145449920499998,0.0001324755562478,0.0,15.000000000000002,0.0,15.000000000000002,16.71454499205,0.0005959508618776026,0.00046347530562980264
288,288,HazardJ#9101,0.0,1.6873496171000002,0.0,1.6873496171000002,0.0001303742859746,0.0,15.0,0.0,15.0,16.6873496171,0.0005949812209362402,0.0004646069349616402
289,289,emalinus,0.0,1.651785716,0.0,1.651785716,0.0001276264154886,0.0,15.0,0.0,15.0,16.651785716,0.0005937132033191075,0.0004660867878305075
290,290,rokkranjc,0.0,1.651785716,0.0,1.651785716,0.0001276264154886,0.0,15.0,0.0,15.0,16.651785716,0.0005937132033191075,0.0004660867878305075
291,291,Mayu ‚ò™Dev Protocolüåü#8814,0.0,1.6225238422,0.0,1.6225238422,0.0001253654756903,0.0,15.0,0.0,15.0,16.6225238422,0.0005926698821327063,0.0004673044064424063
292,292,xibot0x,0.0,1.5760864361999998,0.0,1.5760864361999998,0.0001217774560005,0.0,15.0,0.0,15.0,16.5760864362,0.000591014173757622,0.00046923671775712196
293,293,proofoftom,0.0,1.5742291319,0.0,1.5742291319,0.0001216339500433,0.0,15.000000000000002,0.0,15.000000000000002,16.5742291319,0.0005909479522661677,0.0004693140022228677
294,294,hypereum,0.0,1.5244538751,0.0,1.5244538751,0.0001177880289023,0.0,15.0,0.0,15.0,16.5244538751,0.0005891732340668838,0.00047138520516458384
295,296,wipabramson,0.0,1.5242631718,0.0,1.5242631718,0.0001177732940742,0.0,15.000000000000002,0.0,15.000000000000002,16.5242631718,0.000589166434611915,0.00047139314053771506
296,295,jasselnorm,0.0,1.5242631718,0.0,1.5242631718,0.0001177732940742,0.0,15.000000000000002,0.0,15.000000000000002,16.5242631718,0.000589166434611915,0.00047139314053771506
297,297,OKDuncan,0.0,1.5107935622,0.0,1.5107935622,0.0001167325549671,0.0,15.0,0.0,15.0,16.5107935622,0.0005886861807100533,0.00047195362574295333
298,298,JoeEchidna,0.0,1.5082074611,0.0,1.5082074611,0.0001165327379991,0.0,15.0,0.0,15.0,16.5082074611,0.0005885939742407668,0.0004720612362416668
299,299,Michiel üêô#0195,0.0,1.502746594,0.0,1.502746594,0.0001161108001614,0.0,15.000000000000002,0.0,15.000000000000002,16.502746594,0.0005883992690629477,0.00047228846890154765
300,300,maZed#4761,0.0,1.502746594,0.0,1.502746594,0.0001161108001614,0.0,15.000000000000002,0.0,15.000000000000002,16.502746594,0.0005883992690629477,0.00047228846890154765
301,301,shrutiappiah1,0.0,1.482370947,0.0,1.482370947,0.0001145364610902,0.0,15.0,0.0,15.0,16.482370947,0.000587672782975726,0.000473136321885526
302,302,willszal#6405,0.0,1.481151607,0.0,1.481151607,0.0001144422479051,0.0,15.000000000000002,0.0,15.000000000000002,16.481151607,0.0005876293078632257,0.00047318705995812567
303,317,Miles#9305,1.4799542,1.0967063902,0.0,1.0967063902,8.473781076377205e-05,0.0,15.000000000000002,0.36998855,15.369988550000002,16.466694940200004,0.0005871138608053827,0.0005023760500416106
304,303,SweptbackCat#9656,0.0,1.465742987,0.0,1.465742987,0.0001132516897599,0.0,14.999999999999998,0.0,14.999999999999998,16.465742987,0.0005870799192694163,0.00047382822950951635
305,304,Elementarycomplexity,0.0,1.4654740929,0.0,1.4654740929,0.0001132309134632,0.0,15.0,0.0,15.0,16.4654740929,0.0005870703319506634,0.0004738394184874634
306,305,kyle_stargarden,0.0,1.400866423,0.0,1.400866423,0.0001082389552192,0.0,15.0,0.0,15.0,16.400866423,0.0005847667695994824,0.00047652781438028237
307,306,hernandoagf#3014,0.0,1.396417248,0.0,1.396417248,0.0001078951865017,0.0,14.999999999999998,0.0,14.999999999999998,16.396417248,0.0005846081359258073,0.0004767129494241073
308,307,Christel#2333,0.0,1.396417248,0.0,1.396417248,0.0001078951865017,0.0,14.999999999999998,0.0,14.999999999999998,16.396417248,0.0005846081359258073,0.0004767129494241073
309,308,ZoushHoang#2376,0.0,1.3843666391,0.0,1.3843666391,0.0001069640875078,0.0,15.000000000000002,0.0,15.000000000000002,16.3843666391,0.000584178475964168,0.000477214388456368
310,309,cyotee,0.0,1.36032556,0.0,1.36032556,0.00010510653618,0.0,15.0,0.0,15.0,16.36032556,0.0005833213002637867,0.0004782147640837867
311,310,cannabiscommunitycare,0.0,1.312831992,0.0,1.312831992,0.0001014369113709,0.0,15.0,0.0,15.0,16.312831992,0.0005816279348268751,0.00048019102345597516
312,311,harithk17,0.0,1.3054888174,0.0,1.3054888174,0.0001008695356857,0.0,15.0,0.0,15.0,16.3054888174,0.0005813661166778397,0.0004804965809921398
313,312,lalogarza,0.0,1.2904090844999998,0.0,1.2904090844999998,9.970438923974212e-05,0.0,14.999999999999998,0.0,14.999999999999998,16.2904090845,0.0005808284544308019,0.00048112406519105984
314,313,macerer,0.0,1.13926795335,0.0,1.13926795335,8.802636065847752e-05,0.0,15.0,0.0,15.0,16.13926795335,0.0005754395738231133,0.0004874132131646358
315,314,vasileios_panagiotidis,0.0,1.1370857888,0.0,1.1370857888,8.785775413959002e-05,0.0,15.0,0.0,15.0,16.1370857888,0.0005753617695607208,0.00048750401542113083
316,315,eeeit,0.0,1.1104215169,0.0,1.1104215169,8.579751992685426e-05,0.0,15.0,0.0,15.0,16.1104215169,0.0005744110649003367,0.0004886135449734824
317,316,Leanne#9678,0.0,1.0995529865,0.0,1.0995529865,8.495775508136307e-05,0.0,15.0,0.0,15.0,16.0995529865,0.0005740235515063254,0.0004890657964249623
318,321,Shaila#4348,0.0,1.058885868,0.0,1.058885868,8.181558081981576e-05,0.0,15.0,0.0,15.0,16.058885868,0.0005725735805779107,0.0004907579997580949
319,320,Marc#9662,0.0,1.058885868,0.0,1.058885868,8.181558081981576e-05,0.0,15.0,0.0,15.0,16.058885868,0.0005725735805779107,0.0004907579997580949
320,319,üêô Misanth üêô#7407,0.0,1.058885868,0.0,1.058885868,8.181558081981576e-05,0.0,15.0,0.0,15.0,16.058885868,0.0005725735805779107,0.0004907579997580949
321,318,joaonit#7081,0.0,1.058885868,0.0,1.058885868,8.181558081981576e-05,0.0,15.0,0.0,15.0,16.058885868,0.0005725735805779107,0.0004907579997580949
322,322,revxzx,0.0,1.0521052796,0.0,1.0521052796,8.129167376334148e-05,0.0,15.0,0.0,15.0,16.0521052796,0.0005723318212298135,0.000491040147466472
323,323,dunks411 | Adept Camp#2178,0.0,1.036241858,0.0,1.036241858,8.006597504432371e-05,0.0,15.0,0.0,15.0,16.036241858,0.0005717662168547411,0.0004917002418104174
324,324,CaseyR#2795,0.0,1.036241858,0.0,1.036241858,8.006597504432371e-05,0.0,15.0,0.0,15.0,16.036241858,0.0005717662168547411,0.0004917002418104174
325,325,keepitsane#8407,0.0,0.9913795917,0.0,0.9913795917,7.659965966024897e-05,0.0,15.0,0.0,15.0,15.9913795917,0.0005701666694976348,0.0004935670098373859
326,326,viken33,0.0,0.9846664665,0.0,0.9846664665,7.608096519661282e-05,0.0,15.0,0.0,15.0,15.9846664665,0.0005699273155247487,0.0004938463503281359
327,327,jakubgregus,0.0,0.93188811964,0.0,0.93188811964,7.200300813480359e-05,0.0,15.0,0.0,15.0,15.93188811964,0.0005680455232704784,0.0004960425151356748
328,328,igorline,0.0,0.9075640141,0.0,0.9075640141,7.012358856483952e-05,0.0,15.0,0.0,15.0,15.9075640141,0.0005671782563680375,0.000497054667803198
329,329,edapt,0.0,0.9037285626,0.0,0.9037285626,6.982723963653488e-05,0.0,15.0,0.0,15.0,15.9037285626,0.0005670415047766419,0.0004972142651401071
330,330,Nestor#8357,0.0,0.8753591183,0.0,0.8753591183,6.76352540476405e-05,0.0,15.0,0.0,15.0,15.8753591183,0.0005660300028309046,0.0004983947487832641
331,331,arrow#5491,0.0,0.8591703229,0.0,0.8591703229,6.638441508713398e-05,0.0,15.0,0.0,15.0,15.8591703229,0.0005654527973744605,0.0004990683822873266
332,332,cryptainist,0.0,0.839705327,0.0,0.839705327,6.488043813046557e-05,0.0,15.0,0.0,15.0,15.839705327,0.0005647587802122485,0.0004998783420817829
333,333,santosthegreat,0.0,0.8303726279,0.0,0.8303726279,6.41593403988231e-05,0.0,15.0,0.0,15.0,15.8303726279,0.0005644260263098877,0.0005002666859110646
334,334,Wunluv,0.0,0.8217854554999999,0.0,0.8217854554999999,6.349584632572447e-05,0.0,15.0,0.0,15.0,15.8217854555,0.0005641198538836981,0.0005006240075579736
335,335,blockchainberlin,0.0,0.8060347613,0.0,0.8060347613,6.227885757062636e-05,0.0,15.0,0.0,15.0,15.8060347613,0.0005635582687619897,0.0005012794111913634
336,336,stefdelev#6019,0.0,0.8057373328,0.0,0.8057373328,6.225587654291104e-05,0.0,15.0,0.0,15.0,15.8057373328,0.0005635476640598571,0.000501291787516946
337,337,CurlyBracketEffect#5572,0.0,0.8057373328,0.0,0.8057373328,6.225587654291104e-05,0.0,15.0,0.0,15.0,15.8057373328,0.0005635476640598571,0.000501291787516946
338,338,Darren432,0.0,0.8057373328,0.0,0.8057373328,6.225587654291104e-05,0.0,15.0,0.0,15.0,15.8057373328,0.0005635476640598571,0.000501291787516946
339,339,monsterplayaus,0.0,0.7967939956,0.0,0.7967939956,6.156486313948589e-05,0.0,15.0,0.0,15.0,15.7967939956,0.0005632287927106856,0.0005016639295711998
340,340,ejlsh-dt#8607,0.0,0.7886151997,0.0,0.7886151997,6.0932922571397e-05,0.0,15.0,0.0,15.0,15.7886151997,0.0005629371807961499,0.0005020042582247529
341,341,JohnnyPedala#5454,0.0,0.7886151997,0.0,0.7886151997,6.0932922571397e-05,0.0,15.0,0.0,15.0,15.7886151997,0.0005629371807961499,0.0005020042582247529
342,342,SteffClearTeam#6495,0.0,0.7886151997,0.0,0.7886151997,6.0932922571397e-05,0.0,15.0,0.0,15.0,15.7886151997,0.0005629371807961499,0.0005020042582247529
343,343,cryptononymouseconomist,0.0,0.7869732244,0.0,0.7869732244,6.080605416478106e-05,0.0,15.0,0.0,15.0,15.7869732244,0.0005628786367798047,0.0005020725826150236
344,344,lefterisjp,0.0,0.7816815274,0.0,0.7816815274,6.039718737690409e-05,0.0,15.0,0.0,15.0,15.7816815274,0.000562689963298747,0.0005022927759218429
345,345,W A L Y D#4325,0.0,0.7748396168,0.0,0.7748396168,5.986854221638878e-05,0.0,15.0,0.0,15.0,15.7748396168,0.0005624460175305015,0.0005025774753141128
346,346,vanjeer#1629,0.0,0.7748396168,0.0,0.7748396168,5.986854221638878e-05,0.0,15.0,0.0,15.0,15.7748396168,0.0005624460175305015,0.0005025774753141128
347,347,charingane,0.0,0.7498623985,0.0,0.7498623985,5.793865941765279e-05,0.0,15.0,0.0,15.0,15.7498623985,0.0005615554641364205,0.0005036168047187678
348,348,quentin_hb,0.0,0.7446313271,0.0,0.7446313271,5.753447691051508e-05,0.0,15.0,0.0,15.0,15.7446313271,0.0005613689522384984,0.0005038344753279832
349,349,supernova_labs,0.0,0.7368884755,0.0,0.7368884755,5.693621989339939e-05,0.0,15.0,0.0,15.0,15.7368884755,0.0005610928837552339,0.0005041566638618345
350,350,fenjamin,0.0,0.7347399765,0.0,0.7347399765,5.677021456753004e-05,0.0,15.0,0.0,15.0,15.7347399765,0.0005610162798254588,0.0005042460652579288
351,351,0xJoshua#0888,0.0,0.6765296278,0.0,0.6765296278,5.227254996311914e-05,0.0,15.0,0.0,15.0,15.6765296278,0.0005589408115734387,0.0005066682616103196
352,352,deepcryptodive,0.0,0.6607142865,0.0,0.6607142865,5.105056620318184e-05,0.0,15.0,0.0,15.0,15.6607142865,0.0005583769214835137,0.0005073263552803318
353,360,dazuck,0.0,0.6166991577,0.0,0.6166991577,4.7649705509448406e-05,0.0,15.0,0.0,15.0,15.6166991577,0.0005568075784977195,0.0005091578729882712
354,357,jamiepitts,0.0,0.6166991577,0.0,0.6166991577,4.7649705509448406e-05,0.0,15.0,0.0,15.0,15.6166991577,0.0005568075784977195,0.0005091578729882712
355,358,eduadiez,0.0,0.6166991577,0.0,0.6166991577,4.7649705509448406e-05,0.0,15.0,0.0,15.0,15.6166991577,0.0005568075784977195,0.0005091578729882712
356,359,Bradym,0.0,0.6166991577,0.0,0.6166991577,4.7649705509448406e-05,0.0,15.0,0.0,15.0,15.6166991577,0.0005568075784977195,0.0005091578729882712
357,356,benjaminaaron,0.0,0.6166991577,0.0,0.6166991577,4.7649705509448406e-05,0.0,15.0,0.0,15.0,15.6166991577,0.0005568075784977195,0.0005091578729882712
358,355,erikbjare,0.0,0.6166991577,0.0,0.6166991577,4.7649705509448406e-05,0.0,15.0,0.0,15.0,15.6166991577,0.0005568075784977195,0.0005091578729882712
359,354,wildpau,0.0,0.6166991577,0.0,0.6166991577,4.7649705509448406e-05,0.0,15.0,0.0,15.0,15.6166991577,0.0005568075784977195,0.0005091578729882712
360,353,jimbobbins,0.0,0.6166991577,0.0,0.6166991577,4.7649705509448406e-05,0.0,15.0,0.0,15.0,15.6166991577,0.0005568075784977195,0.0005091578729882712
361,361,byzzyy,0.0,0.5982966115,0.0,0.5982966115,4.6227819495651416e-05,0.0,15.0,0.0,15.0,15.5982966115,0.0005561514425829311,0.0005099236230872797
362,362,ferranrego,0.0,0.5814320575,0.0,0.5814320575,4.4924767559201215e-05,0.0,15.0,0.0,15.0,15.5814320575,0.0005555501432058759,0.0005106253756466747
363,363,evaninsky#4772,0.0,0.5814320575,0.0,0.5814320575,4.4924767559201215e-05,0.0,15.0,0.0,15.0,15.5814320575,0.0005555501432058759,0.0005106253756466747
364,364,freedumbs,0.0,0.5801899866,0.0,0.5801899866,4.482879805467394e-05,0.0,15.0,0.0,15.0,15.5801899866,0.0005555058576316218,0.0005106770595769479
365,365,sethfork,0.0,0.5691553863,0.0,0.5691553863,4.397620169850176e-05,0.0,15.0,0.0,15.0,15.5691553863,0.0005551124230773227,0.0005111362213788209
366,366,youngkidwarrior,0.0,0.5407604926,0.0,0.5407604926,4.178224974334882e-05,0.0,15.0,0.0,15.0,15.5407604926,0.0005541000137427289,0.0005123177639993801
367,367,a_bornstein,0.0,0.518120929,0.0,0.518120929,4.0032987522161855e-05,0.0,15.0,0.0,15.0,15.518120929,0.0005532928085542916,0.0005132598210321297
368,368,yangwao,0.0,0.5134541178,0.0,0.5134541178,3.967240298662019e-05,0.0,15.0,0.0,15.0,15.5134541178,0.0005531264151431528,0.0005134540121565326
369,369,sanolution,0.0,0.5083319774,0.0,0.5083319774,3.927663711181616e-05,0.0,15.0,0.0,15.0,15.5083319774,0.0005529437871393698,0.0005136671500275536
370,409,sknuth#9426,1.9742939502,0.0,0.0,0.0,0.0,0.0,15.0,0.49357348755,15.49357348755,15.49357348755,0.0005524175786933546,0.0005524175786933546
371,370,OddName#8763,0.0,0.4293879318,0.0,0.4293879318,3.3176968452313354e-05,0.0,15.0,0.0,15.0,15.429387931800001,0.0005501290666646096,0.0005169520982122963
372,371,nickjplace,0.0,0.4016500617,0.0,0.4016500617,3.1033781899807486e-05,0.0,15.0,0.0,15.0,15.4016500617,0.0005491400832611962,0.0005181063013613887
373,372,irenioskamoska#7519,0.0,0.3713641322,0.0,0.3713641322,2.869371769875188e-05,0.0,15.0,0.0,15.0,15.3713641322,0.0005480602497511082,0.0005193665320523563
374,373,CleanApp,0.0,0.3481247811,0.0,0.3481247811,2.68981124634933e-05,0.0,15.0,0.0,15.0,15.3481247811,0.0005472316593632688,0.0005203335468997755
375,374,fatrui,0.0,0.2893501542,0.0,0.2893501542,2.235684849670338e-05,0.0,15.0,0.0,15.0,15.2893501542,0.0005451360719826821,0.0005227792234859787
376,375,mindmonkey#3630,0.0,0.2705976188,0.0,0.2705976188,2.0907920314770977e-05,0.0,15.0,0.0,15.0,15.2705976188,0.0005444674573336243,0.0005235595370188533
377,376,kelsiemvn,0.0,0.2705976188,0.0,0.2705976188,2.0907920314770977e-05,0.0,15.0,0.0,15.0,15.2705976188,0.0005444674573336243,0.0005235595370188533
378,377,MonetaryPlurality#6033,0.0,0.2705976188,0.0,0.2705976188,2.0907920314770977e-05,0.0,15.0,0.0,15.0,15.2705976188,0.0005444674573336243,0.0005235595370188533
379,378,econaut6,0.0,0.207593157,0.0,0.207593157,1.6039835101637415e-05,0.0,15.0,0.0,15.0,15.207593157,0.0005422210567687448,0.0005261812216671074
380,379,paulsalis,0.0,0.1228147459,0.0,0.1228147459,9.48936998094547e-06,0.0,15.0,0.0,15.0,15.1228147459,0.0005391983141701465,0.0005297089441892009
381,380,scupytrooples,0.0,0.1228147459,0.0,0.1228147459,9.48936998094547e-06,0.0,15.0,0.0,15.0,15.1228147459,0.0005391983141701465,0.0005297089441892009
382,381,gijsspoor,0.0,0.1138547335,0.0,0.1138547335,8.797068156157351e-06,0.0,15.0,0.0,15.0,15.1138547335,0.0005388788482729441,0.0005300817801167868
383,382,hubway,0.0,0.1138547335,0.0,0.1138547335,8.797068156157351e-06,0.0,15.0,0.0,15.0,15.1138547335,0.0005388788482729441,0.0005300817801167868
384,383,marveloushelper,0.0,0.1122849878,0.0,0.1122849878,8.675780621715623e-06,0.0,15.0,0.0,15.0,15.1122849878,0.0005388228795760225,0.0005301470989543069
385,384,denissrgn,0.0,0.08933717579,0.0,0.08933717579,6.902701364658154e-06,0.0,15.0,0.0,15.0,15.08933717579,0.0005380046839056007,0.0005311019825409426
386,385,pimpmypeon,0.0,0.07325914774,0.0,0.07325914774,5.660420923393411e-06,0.0,15.0,0.0,15.0,15.07325914774,0.0005374314278176696,0.0005317710068942763
387,386,lescanor,0.0,0.07325914774,0.0,0.07325914774,5.660420923393411e-06,0.0,15.0,0.0,15.0,15.07325914774,0.0005374314278176696,0.0005317710068942763
388,387,cryptonian_z,0.0,0.07325914774,0.0,0.07325914774,5.660420923393411e-06,0.0,15.0,0.0,15.0,15.07325914774,0.0005374314278176696,0.0005317710068942763
389,388,robinwhitney,0.0,0.07325914774,0.0,0.07325914774,5.660420923393411e-06,0.0,15.0,0.0,15.0,15.07325914774,0.0005374314278176696,0.0005317710068942763
390,389,asalemalawi,0.0,0.04831157635,0.0,0.04831157635,3.7328288145556072e-06,0.0,15.0,0.0,15.0,15.04831157635,0.000536541931473097,0.0005328091026585414
391,390,wolfofcurrency,0.0,0.03771202487,0.0,0.03771202487,2.913846819448144e-06,0.0,15.0,0.0,15.0,15.03771202487,0.0005361640084220642,0.000533250161602616
392,391,llll79,0.0,0.02762116382,0.0,0.02762116382,2.134169157551342e-06,0.0,15.0,0.0,15.0,15.02762116382,0.0005358042225384104,0.0005336700533808591
393,392,burningfiat,0.0,0.02514134991,0.0,0.02514134991,1.94256454604121e-06,0.0,15.0,0.0,15.0,15.02514134991,0.0005357158056992045,0.0005337732411531633
394,393,immortaz,0.0,0.02514134991,0.0,0.02514134991,1.94256454604121e-06,0.0,15.0,0.0,15.0,15.02514134991,0.0005357158056992045,0.0005337732411531633
395,402,alanborger,0.0,0.0,0.0,0.0,0.0,0.0,15.0,0.0,15.0,15.0,0.000534819400253842,0.000534819400253842
396,408,pamplsquared,0.0,0.0,0.0,0.0,0.0,0.0,15.0,0.0,15.0,15.0,0.000534819400253842,0.000534819400253842
397,407,emilianobonassi,0.0,0.0,0.0,0.0,0.0,0.0,15.0,0.0,15.0,15.0,0.000534819400253842,0.000534819400253842
398,406,jujusca,0.0,0.0,0.0,0.0,0.0,0.0,15.0,0.0,15.0,15.0,0.000534819400253842,0.000534819400253842
399,405,aaronfoster,0.0,0.0,0.0,0.0,0.0,0.0,15.0,0.0,15.0,15.0,0.000534819400253842,0.000534819400253842
400,404,ajmaq,0.0,0.0,0.0,0.0,0.0,0.0,15.0,0.0,15.0,15.0,0.000534819400253842,0.000534819400253842
401,403,zeframl,0.0,0.0,0.0,0.0,0.0,0.0,15.0,0.0,15.0,15.0,0.000534819400253842,0.000534819400253842
402,401,alesew23,0.0,0.0,0.0,0.0,0.0,0.0,15.0,0.0,15.0,15.0,0.000534819400253842,0.000534819400253842
403,400,coopahtroopanew,0.0,0.0,0.0,0.0,0.0,0.0,15.0,0.0,15.0,15.0,0.000534819400253842,0.000534819400253842
404,399,GotStMiklos,0.0,0.0,0.0,0.0,0.0,0.0,15.0,0.0,15.0,15.0,0.000534819400253842,0.000534819400253842
405,398,pet3rpan,0.0,0.0,0.0,0.0,0.0,0.0,15.0,0.0,15.0,15.0,0.000534819400253842,0.000534819400253842
406,396,guillaumepalayer,0.0,0.0,0.0,0.0,0.0,0.0,15.0,0.0,15.0,15.0,0.000534819400253842,0.000534819400253842
407,395,tomerba,0.0,0.0,0.0,0.0,0.0,0.0,15.0,0.0,15.0,15.0,0.000534819400253842,0.000534819400253842
408,394,Julian_Richter,0.0,0.0,0.0,0.0,0.0,0.0,15.0,0.0,15.0,15.0,0.000534819400253842,0.000534819400253842
409,397,banteg,0.0,0.0,0.0,0.0,0.0,0.0,15.0,0.0,15.0,15.0,0.000534819400253842,0.000534819400253842
